0.047438,0.078818
0.064404,0.12695
0.1069,0.20018
0.12816,0.25152
0.16728,0.31986
0.19809,0.37884
0.22586,0.43349
0.2599,0.49296
0.29806,0.5549
0.3205,0.59927
0.34315,0.64184
0.3844,0.70082
0.41085,0.74267
0.42817,0.7729
0.46617,0.8212
0.48334,0.84592
0.51278,0.88004
0.54764,0.91664
0.58172,0.94941
0.60281,0.96608
0.61453,0.9702
0.65314,0.998
0.6616,0.99241
0.68823,1.0017
0.72285,1.0157
0.73042,0.99948
0.76573,1.0077
0.77316,0.98494
0.80312,0.98154
0.81417,0.95621
0.84447,0.94717
0.86237,0.92287
0.86905,0.88462
0.88393,0.85195
0.89106,0.80907
0.92457,0.79025
0.93291,0.74413
0.92997,0.68474
0.9519,0.64844
0.95768,0.59441
0.96201,0.53754
0.97921,0.49238
0.98282,0.43268
0.99038,0.37622
0.99285,0.31418
0.99833,0.25491
1.0056,0.19744
1.0127,0.13997
1.0122,0.075444
1.0094,0.0094455
1.0124,-0.049922
1.0175,-0.1059
1.0064,-0.1765
1.0072,-0.23358
1.0011,-0.29565
0.99041,-0.36
0.97647,-0.42523
0.98629,-0.46405
0.97207,-0.52405
0.96236,-0.57648
0.94574,-0.63257
0.93339,-0.68094
0.93723,-0.70949
0.91736,-0.75798
0.9076,-0.79242
0.89604,-0.82459
0.87951,-0.85754
0.84757,-0.90159
0.83614,-0.92071
0.82873,-0.93134
0.80802,-0.95072
0.7752,-0.9776
0.75646,-0.98577
0.74069,-0.98631
0.7161,-0.99101
0.69417,-0.9884
0.67925,-0.97417
0.65,-0.96971
0.62161,-0.95988
0.59222,-0.94662
0.56328,-0.92858
0.53985,-0.90081
0.52373,-0.86162
0.4903,-0.83578
0.45543,-0.80758
0.43535,-0.76095
0.41096,-0.71516
0.37389,-0.67878
0.34721,-0.62895
0.32403,-0.57277
0.29256,-0.52226
0.26067,-0.46977
0.23305,-0.41088
0.20496,-0.35054
0.1709,-0.29456
0.13879,-0.23524
0.10689,-0.1746
0.064109,-0.12401
0.045025,-0.049176
0.015207,0.015207
-0.015434,0.078767
-0.057862,0.13026
-0.074179,0.20731
-0.11447,0.25956
-0.13908,0.32637
-0.17062,0.38489
-0.21425,0.42967
-0.24112,0.48933
-0.26084,0.55398
-0.30173,0.59507
-0.33667,0.63949
-0.36197,0.6907
-0.38595,0.74017
-0.41823,0.77806
-0.43478,0.82823
-0.46767,0.85841
-0.50225,0.8831
-0.52997,0.91068
-0.54968,0.94218
-0.5722,0.96665
-0.60856,0.97293
-0.62691,0.9928
-0.65141,1.002
-0.67238,1.0102
-0.69393,1.0132
-0.71089,1.0161
-0.73385,1.0084
-0.75126,1.0015
-0.77044,0.9883
-0.79254,0.96754
-0.81399,0.94287
-0.8284,0.92075
-0.84556,0.89149
-0.87563,0.84501
-0.8853,0.81472
-0.89609,0.77925
-0.90289,0.74383
-0.92332,0.691
-0.9276,0.6507
-0.93409,0.60476
-0.95089,0.54523
-0.95493,0.4954
-0.97166,0.43004
-0.96482,0.38559
-0.97937,0.31733
-0.98437,0.25644
-0.98067,0.20228
-0.98386,0.1395
-0.98309,0.079208
-0.98736,0.012643
-0.98544,-0.048727
-0.97989,-0.1072
-0.9933,-0.18512
-0.97512,-0.2317
-0.9824,-0.30373
-0.98057,-0.36641
-0.95828,-0.40814
-0.95259,-0.46576
-0.94801,-0.52354
-0.93927,-0.576
-0.92638,-0.62292
-0.91068,-0.66545
-0.91686,-0.72807
-0.89634,-0.76202
-0.88435,-0.80236
-0.87244,-0.84046
-0.84115,-0.85671
-0.8252,-0.8857
-0.80826,-0.91095
-0.78939,-0.93143
-0.77432,-0.95274
-0.76026,-0.97203
-0.73404,-0.97604
-0.71666,-0.98572
-0.69635,-0.98925
-0.66815,-0.98163
-0.64796,-0.97876
-0.62397,-0.96883
-0.61266,-0.96834
-0.58151,-0.94478
-0.54787,-0.91556
-0.53053,-0.89953
-0.50154,-0.86881
-0.46983,-0.8324
-0.43515,-0.79017
-0.40624,-0.75097
-0.38097,-0.71279
-0.35709,-0.67351
-0.3377,-0.63638
-0.30729,-0.58606
-0.26855,-0.52538
-0.22933,-0.46239
-0.20708,-0.41471
-0.17768,-0.35842
-0.14972,-0.30231
-0.12251,-0.24586
-0.07985,-0.17312
-0.055003,-0.11755
-0.016053,-0.047433
0.0075805,0.0075805
0.045027,0.076407
0.065871,0.12841
0.096318,0.18959
0.12559,0.24895
0.16624,0.31882
0.19056,0.3713
0.22956,0.4372
0.26044,0.4935
0.28662,0.54346
0.32288,0.60165
0.35533,0.65402
0.37442,0.69084
0.41005,0.74187
0.42887,0.7736
0.45662,0.81165
0.50062,0.86319
0.51393,0.8812
0.54208,0.91108
0.57733,0.94502
0.60094,0.96421
0.62215,0.97783
0.64162,0.98648
0.67012,1.0009
0.69873,1.0122
0.71881,1.0117
0.7291,0.99816
0.75107,0.99308
0.78279,0.99456
0.80758,0.98601
0.81373,0.95577
0.83324,0.93593
0.85346,0.91396
0.86881,0.88438
0.88369,0.85171
0.89201,0.81002
0.92423,0.78992
0.92031,0.73152
0.9418,0.69657
0.94871,0.64525
0.95511,0.59184
0.9744,0.54993
0.98296,0.49613
0.9913,0.44116
0.9919,0.37774
1.0031,0.32446
0.99835,0.25492
0.99964,0.19146
1.0119,0.13925
1.0101,0.073345
1.0038,0.0037603
1.0051,-0.057223
0.99827,-0.12509
0.99966,-0.18328
1.0031,-0.23768
0.995,-0.3017
0.99308,-0.35733
0.98705,-0.41465
0.98151,-0.46883
0.96828,-0.52785
0.9697,-0.56914
0.94921,-0.6291
0.93757,-0.67675
0.93062,-0.7161
0.91527,-0.76007
0.9043,-0.79573
0.87991,-0.84072
0.8701,-0.86695
0.85657,-0.89258
0.84255,-0.91431
0.82441,-0.93566
0.79028,-0.96846
0.7762,-0.9766
0.75796,-0.98427
0.73938,-0.98761
0.72605,-0.98106
0.68939,-0.99319
0.67326,-0.98016
0.64726,-0.97245
0.61998,-0.96151
0.59712,-0.94172
0.57188,-0.91998
0.54556,-0.89509
0.52281,-0.86254
0.49007,-0.83601
0.45907,-0.80394
0.43795,-0.75834
0.40707,-0.71905
0.36863,-0.68404
0.35616,-0.62001
0.31663,-0.58017
0.27956,-0.53525
0.26041,-0.47003
0.23012,-0.4138
0.20251,-0.353
0.173,-0.29246
0.13659,-0.23743
0.10694,-0.17455
0.073379,-0.11474
0.032145,-0.062056
0.013625,0.013625
-0.01173,0.082471
-0.046354,0.14177
-0.084258,0.19723
-0.10713,0.26689
-0.13807,0.32738
-0.18337,0.37214
-0.20306,0.44087
-0.24424,0.4862
-0.26978,0.54504
-0.2893,0.6075
-0.32987,0.64629
-0.35254,0.70013
-0.37798,0.74813
-0.42088,0.77541
-0.44872,0.81429
-0.46617,0.85991
-0.49534,0.89
-0.52047,0.92018
-0.54281,0.94905
-0.58499,0.95385
-0.59713,0.98436
-0.62522,0.99449
-0.64164,1.0118
-0.67952,1.0031
-0.7024,1.0047
-0.71575,1.0112
-0.73361,1.0086
-0.75177,1.001
-0.77392,0.98482
-0.78992,0.97015
-0.82693,0.92993
-0.83807,0.91108
-0.85415,0.8829
-0.86479,0.85584
-0.8808,0.81922
-0.8901,0.78524
-0.91035,0.73637
-0.91173,0.70259
-0.93355,0.64476
-0.95104,0.5878
-0.95061,0.54551
-0.95621,0.49412
-0.96696,0.43474
-0.97419,0.37622
-0.984,0.31271
-0.97872,0.26208
-0.98632,0.19662
-0.98641,0.13695
-0.98201,0.080289
-0.99772,0.0022816
-0.99282,-0.056103
-0.98405,-0.11136
-0.98564,-0.17746
-0.98549,-0.24206
-0.98673,-0.30806
-0.96854,-0.35437
-0.96404,-0.4139
-0.96701,-0.48018
-0.94572,-0.52125
-0.94194,-0.57866
-0.93406,-0.6306
-0.91672,-0.67149
-0.89905,-0.71026
-0.89264,-0.75832
-0.88989,-0.8079
-0.86839,-0.83642
-0.85643,-0.872
-0.83227,-0.89277
-0.82098,-0.92368
-0.80096,-0.943
-0.77583,-0.95426
-0.76762,-0.97939
-0.73303,-0.97503
-0.70918,-0.97824
-0.68792,-0.98081
-0.67542,-0.9889
-0.65221,-0.98301
-0.62709,-0.97195
-0.5971,-0.95277
-0.56977,-0.93305
-0.55759,-0.92528
-0.52801,-0.89701
-0.50835,-0.87561
-0.47081,-0.83339
-0.43828,-0.7933
-0.41916,-0.76389
-0.39017,-0.72199
-0.35037,-0.66679
-0.33838,-0.63707
-0.29964,-0.5784
-0.26847,-0.5253
-0.24282,-0.47589
-0.2132,-0.42084
-0.17537,-0.35612
-0.14471,-0.29729
-0.12423,-0.24759
-0.079,-0.17227
-0.058215,-0.12076
-0.029108,-0.060488
0.010936,0.010936
0.050352,0.081732
0.065162,0.1277
0.097512,0.19078
0.13567,0.25902
0.16146,0.31405
0.20442,0.38516
0.23672,0.44436
0.26865,0.50171
0.28856,0.54539
0.32343,0.6022
0.35862,0.6573
0.38326,0.69968
0.40807,0.73989
0.42714,0.77188
0.47299,0.82801
0.48646,0.84904
0.51037,0.87764
0.54982,0.91882
0.56807,0.93576
0.5904,0.95367
0.62952,0.9852
0.64326,0.98812
0.66541,0.99621
0.69863,1.0121
0.70791,1.0008
0.73443,1.0035
0.75531,0.99731
0.77557,0.98734
0.79549,0.97391
0.82715,0.96919
0.83852,0.94121
0.84642,0.90691
0.87253,0.8881
0.89435,0.86237
0.89773,0.81574
0.90843,0.77411
0.9218,0.73301
0.93042,0.68519
0.95319,0.64973
0.95824,0.59497
0.96356,0.53909
0.97628,0.48945
0.98724,0.4371
0.99959,0.38542
0.9914,0.31273
0.99433,0.25091
1.0088,0.20067
1.0034,0.13073
1.0001,0.063385
1.0044,0.0043602
1.0114,-0.05089
1.0131,-0.11026
1.0035,-0.17939
1.0088,-0.23196
0.99046,-0.30625
0.99692,-0.35349
0.98671,-0.41498
0.97845,-0.47189
0.97358,-0.52254
0.96884,-0.57001
0.94456,-0.63375
0.93317,-0.68115
0.92703,-0.7197
0.91799,-0.75735
0.90573,-0.79429
0.88499,-0.83564
0.86101,-0.87603
0.85747,-0.89168
0.84146,-0.9154
0.81167,-0.94841
0.79415,-0.96459
0.78211,-0.97069
0.75641,-0.98581
0.7392,-0.98779
0.72304,-0.98406
0.68608,-0.99649
0.66168,-0.99175
0.64661,-0.9731
0.63106,-0.95043
0.60366,-0.93518
0.5629,-0.92896
0.55227,-0.88838
0.52018,-0.86517
0.49955,-0.82654
0.45716,-0.80585
0.4338,-0.7625
0.39934,-0.72678
0.37624,-0.67643
0.34154,-0.63462
0.31616,-0.58064
0.2938,-0.52102
0.24962,-0.48082
0.23668,-0.40725
0.207,-0.3485
0.16146,-0.304
0.13938,-0.23465
0.097718,-0.18377
0.065784,-0.12234
0.038346,-0.055855
0.012693,0.012693
-0.023688,0.070514
-0.046356,0.14177
-0.090453,0.19104
-0.12423,0.2498
-0.15153,0.31392
-0.1736,0.38191
-0.21461,0.42931
-0.23222,0.49822
-0.26589,0.54893
-0.29509,0.60171
-0.33237,0.64379
-0.36234,0.69033
-0.38608,0.74004
-0.4193,0.77699
-0.43465,0.82836
-0.47264,0.85344
-0.50737,0.87797
-0.51876,0.92189
-0.56133,0.93053
-0.57584,0.963
-0.6063,0.97519
-0.63616,0.98355
-0.65163,1.0018
-0.68216,1.0004
-0.70023,1.0069
-0.70938,1.0176
-0.74448,0.99775
-0.76175,0.99105
-0.78794,0.9708
-0.79612,0.96396
-0.82684,0.93001
-0.83121,0.91795
-0.85553,0.88152
-0.86318,0.85745
-0.88895,0.81107
-0.897,0.77834
-0.91131,0.73541
-0.91022,0.70411
-0.93707,0.64124
-0.94527,0.59357
-0.95558,0.54054
-0.96149,0.48885
-0.96642,0.43528
-0.97816,0.37225
-0.96903,0.32767
-0.98454,0.25626
-0.99484,0.1881
-0.99021,0.13315
-0.98784,0.074461
-0.99915,0.00084524
-0.98987,-0.053156
-0.98501,-0.11232
-0.98721,-0.17903
-0.98882,-0.24539
-0.97055,-0.29188
-0.9805,-0.36634
-0.96392,-0.41379
-0.96217,-0.47534
-0.95546,-0.53099
-0.94693,-0.58365
-0.93472,-0.63126
-0.92841,-0.68318
-0.89846,-0.70968
-0.89533,-0.76101
-0.88333,-0.80134
-0.86057,-0.82859
-0.85693,-0.8725
-0.83235,-0.89285
-0.81602,-0.91872
-0.80863,-0.95067
-0.78876,-0.96719
-0.76075,-0.97253
-0.73014,-0.97214
-0.70978,-0.97884
-0.68858,-0.98147
-0.67405,-0.98753
-0.645,-0.97581
-0.62366,-0.96853
-0.59479,-0.95047
-0.58681,-0.95008
-0.55692,-0.92462
-0.52219,-0.89119
-0.50461,-0.87188
-0.46296,-0.82554
-0.43926,-0.79429
-0.41146,-0.75619
-0.37934,-0.71116
-0.36623,-0.68265
-0.33452,-0.63321
-0.29596,-0.57472
-0.2777,-0.53453
-0.23806,-0.47112
-0.20664,-0.41428
-0.17659,-0.35733
-0.14414,-0.29673
-0.11072,-0.23408
-0.075469,-0.16874
-0.050585,-0.11313
-0.023634,-0.055014
0.0055878,0.0055878
0.045771,0.077151
0.080316,0.14286
0.103,0.19628
0.14109,0.26444
0.1731,0.32568
0.20556,0.38631
0.22057,0.42821
0.25572,0.48878
0.29315,0.54999
0.32617,0.60493
0.35331,0.652
0.36891,0.68533
0.41434,0.74616
0.42691,0.77164
0.46244,0.81747
0.48355,0.84613
0.5281,0.89537
0.55545,0.92445
0.58044,0.94814
0.59722,0.9605
0.61515,0.97083
0.64014,0.985
0.67008,1.0009
0.6872,1.0007
0.71664,1.0095
0.74019,1.0092
0.75066,0.99267
0.77109,0.98286
0.79599,0.97442
0.82281,0.96485
0.82921,0.9319
0.85435,0.91485
0.87428,0.88984
0.88063,0.84865
0.90471,0.82272
0.92295,0.78864
0.93368,0.74489
0.94664,0.70141
0.95745,0.65399
0.96088,0.59761
0.96631,0.54185
0.97532,0.48849
0.9943,0.44416
0.99819,0.38403
0.98831,0.30964
0.99517,0.25175
1.0056,0.19739
1.0038,0.13113
1.0039,0.067145
1.0104,0.010421
1.0136,-0.048667
1.0149,-0.10849
1.0136,-0.16932
0.99291,-0.24789
0.99123,-0.30548
0.99822,-0.35219
0.98858,-0.41312
0.98292,-0.46741
0.97419,-0.52193
0.9596,-0.57924
0.94376,-0.63455
0.93231,-0.68201
0.92434,-0.72239
0.90703,-0.76831
0.89663,-0.80339
0.88646,-0.83418
0.87686,-0.86019
0.85407,-0.89509
0.83708,-0.91978
0.81129,-0.94879
0.79691,-0.96183
0.78162,-0.97118
0.76568,-0.97655
0.74121,-0.98578
0.71142,-0.99569
0.68625,-0.99632
0.6627,-0.99073
0.64715,-0.97256
0.6154,-0.96609
0.60327,-0.93557
0.57404,-0.91782
0.55318,-0.88748
0.51807,-0.86728
0.49802,-0.82806
0.45968,-0.80332
0.4437,-0.75259
0.40068,-0.72543
0.38079,-0.67188
0.34632,-0.62984
0.31115,-0.58565
0.28382,-0.531
0.26005,-0.47039
0.23,-0.41392
0.20145,-0.35405
0.16271,-0.30275
0.13546,-0.23857
0.11189,-0.1696
0.076115,-0.11201
0.038449,-0.055753
0.0097754,0.0097754
-0.02427,0.069931
-0.043716,0.14441
-0.08776,0.19373
-0.12373,0.2503
-0.13918,0.32627
-0.17351,0.38199
-0.20991,0.43401
-0.24545,0.48499
-0.27868,0.53613
-0.29621,0.6006
-0.32585,0.65031
-0.35591,0.69676
-0.38905,0.73707
-0.41309,0.7832
-0.45144,0.81157
-0.48072,0.84536
-0.49788,0.88747
-0.52386,0.91679
-0.55652,0.93534
-0.5705,0.96834
-0.60137,0.98012
-0.62115,0.99856
-0.64361,1.0098
-0.66459,1.018
-0.69244,1.0147
-0.7279,0.99909
-0.73534,1.0069
-0.75254,1.0003
-0.77768,0.98105
-0.79829,0.96179
-0.81412,0.94274
-0.84371,0.90544
-0.84939,0.88766
-0.86979,0.85084
-0.88704,0.81299
-0.88503,0.79031
-0.91763,0.72909
-0.92446,0.68986
-0.93113,0.64717
-0.93923,0.59961
-0.94044,0.55568
-0.96784,0.4825
-0.95901,0.44269
-0.96506,0.38536
-0.97298,0.32373
-0.98864,0.25216
-0.98476,0.19818
-0.98166,0.1417
-0.99038,0.071917
-0.99855,0.0014544
-0.98065,-0.043932
-0.98228,-0.10959
-0.99014,-0.18196
-0.98858,-0.24516
-0.97756,-0.29888
-0.96436,-0.35019
-0.97006,-0.41992
-0.96184,-0.47501
-0.95897,-0.53451
-0.93954,-0.57627
-0.9248,-0.62135
-0.9118,-0.66657
-0.91345,-0.72466
-0.90357,-0.76926
-0.88085,-0.79886
-0.86887,-0.83689
-0.85486,-0.87042
-0.84016,-0.90066
-0.81934,-0.92203
-0.79549,-0.93753
-0.77747,-0.95589
-0.76141,-0.97319
-0.73514,-0.97714
-0.71145,-0.98051
-0.70611,-0.999
-0.67044,-0.98392
-0.65856,-0.98937
-0.62769,-0.97256
-0.59365,-0.94933
-0.58682,-0.95009
-0.5511,-0.9188
-0.5352,-0.9042
-0.49574,-0.863
-0.47547,-0.83804
-0.44983,-0.80486
-0.41305,-0.75779
-0.39337,-0.72519
-0.36513,-0.68156
-0.31985,-0.61854
-0.30653,-0.58529
-0.27153,-0.52837
-0.23903,-0.47209
-0.20639,-0.41403
-0.18735,-0.36809
-0.1528,-0.30538
-0.11512,-0.23847
-0.074615,-0.16789
-0.04387,-0.10641
-0.021443,-0.052823
0.01854,0.01854
0.044131,0.07551
0.080658,0.1432
0.097872,0.19115
0.12555,0.24891
0.16673,0.31931
0.19557,0.37631
0.23328,0.44092
0.25364,0.48671
0.28516,0.542
0.3166,0.59537
0.35107,0.64975
0.37884,0.69526
0.39949,0.73131
0.44175,0.78649
0.45467,0.8097
0.4823,0.84488
0.52654,0.8938
0.54403,0.91303
0.58088,0.94857
0.59458,0.95785
0.62671,0.98239
0.65188,0.99675
0.66619,0.99699
0.69626,1.0097
0.71833,1.0112
0.73514,1.0042
0.76918,1.0112
0.77995,0.99173
0.80806,0.98649
0.82606,0.9681
0.83616,0.93886
0.8628,0.9233
0.86124,0.8768
0.87833,0.84635
0.89113,0.80914
0.90515,0.77083
0.92037,0.73159
0.93208,0.68685
0.94946,0.64601
0.956,0.59273
0.96175,0.53728
0.98003,0.4932
0.98639,0.43626
0.98682,0.37266
1.0042,0.32553
1.0053,0.26186
1.0071,0.19894
1.0086,0.13595
1.0193,0.082541
1.0138,0.013804
1.0047,-0.057633
0.99866,-0.1247
1.0009,-0.18203
0.99489,-0.24591
0.99161,-0.3051
1.001,-0.34941
0.98134,-0.42035
0.97112,-0.47922
0.9709,-0.52522
0.95959,-0.57925
0.94181,-0.63649
0.94341,-0.67091
0.92604,-0.72068
0.91211,-0.76323
0.89429,-0.80573
0.87967,-0.84097
0.86956,-0.86748
0.85611,-0.89304
0.82774,-0.92912
0.82158,-0.9385
0.80193,-0.95681
0.77903,-0.97377
0.75634,-0.98589
0.73007,-0.99693
0.72,-0.98711
0.69208,-0.9905
0.67457,-0.97886
0.65686,-0.96285
0.62855,-0.95294
0.59474,-0.9441
0.57346,-0.9184
0.54303,-0.89762
0.51877,-0.86658
0.49956,-0.82653
0.46292,-0.80008
0.43059,-0.7657
0.41663,-0.70949
0.3867,-0.66598
0.34428,-0.63189
0.31481,-0.58199
0.28056,-0.53425
0.25074,-0.4797
0.2275,-0.41642
0.19596,-0.35954
0.15876,-0.30669
0.1317,-0.24233
0.10169,-0.1798
0.070755,-0.11737
0.03451,-0.059691
0.017341,0.017341
-0.016123,0.078078
-0.045854,0.14227
-0.080752,0.20074
-0.12281,0.25122
-0.14901,0.31644
-0.17157,0.38394
-0.20549,0.43843
-0.23704,0.49341
-0.26524,0.54958
-0.30786,0.58894
-0.3246,0.65156
-0.35918,0.69349
-0.37957,0.74655
-0.42425,0.77204
-0.44951,0.8135
-0.4636,0.86248
-0.49401,0.89133
-0.52598,0.91467
-0.55007,0.94179
-0.57248,0.96636
-0.61209,0.9694
-0.63141,0.9883
-0.64531,1.0081
-0.68138,1.0012
-0.70254,1.0046
-0.71297,1.014
-0.74041,1.0018
-0.75561,0.99719
-0.77581,0.98292
-0.80609,0.95399
-0.80752,0.94933
-0.84204,0.90711
-0.84321,0.89384
-0.87314,0.8475
-0.87867,0.82136
-0.89565,0.77969
-0.91181,0.73492
-0.92807,0.68625
-0.93604,0.64226
-0.93432,0.60452
-0.94976,0.54636
-0.95631,0.49403
-0.96467,0.43702
-0.97608,0.37433
-0.97304,0.32366
-0.98747,0.25333
-0.97797,0.20498
-0.98452,0.13884
-0.98547,0.076827
-0.99468,0.0053153
-0.99421,-0.057492
-0.98231,-0.10961
-0.98282,-0.17464
-0.97758,-0.23416
-0.98109,-0.30242
-0.97151,-0.35735
-0.96719,-0.41705
-0.96761,-0.48078
-0.9565,-0.53203
-0.93317,-0.5699
-0.92126,-0.61781
-0.91822,-0.67299
-0.90492,-0.71613
-0.89531,-0.761
-0.87951,-0.79752
-0.86136,-0.82938
-0.845,-0.86057
-0.83217,-0.89267
-0.81288,-0.91557
-0.79007,-0.93211
-0.77245,-0.95087
-0.7523,-0.96407
-0.74602,-0.98802
-0.72163,-0.99069
-0.69158,-0.98447
-0.68392,-0.99739
-0.6585,-0.9893
-0.63183,-0.97669
-0.59773,-0.95341
-0.5857,-0.94897
-0.55039,-0.91808
-0.53014,-0.89914
-0.49,-0.85726
-0.46827,-0.83084
-0.45216,-0.80719
-0.4143,-0.75904
-0.38115,-0.71297
-0.34992,-0.66634
-0.33156,-0.63025
-0.30494,-0.58371
-0.2712,-0.52803
-0.23194,-0.465
-0.20266,-0.4103
-0.17454,-0.35529
-0.14762,-0.3002
-0.12056,-0.24392
-0.087208,-0.18048
-0.053742,-0.11628
-0.028935,-0.060314
0.0039774,0.0039774
0.050205,0.081585
0.066648,0.12919
0.111,0.20428
0.12934,0.25269
0.1571,0.30968
0.20411,0.38485
0.21913,0.42677
0.25318,0.48624
0.28071,0.53754
0.32221,0.60098
0.34128,0.63996
0.37739,0.69381
0.40734,0.73916
0.44285,0.78758
0.46285,0.81788
0.49326,0.85583
0.52704,0.8943
0.53831,0.90731
0.56281,0.9305
0.59456,0.95783
0.62584,0.98152
0.63915,0.98402
0.66541,0.99622
0.70074,1.0142
0.71061,1.0035
0.73358,1.0026
0.75681,0.99881
0.77242,0.98419
0.79372,0.97215
0.81302,0.95506
0.84096,0.94366
0.85587,0.91637
0.86326,0.87883
0.87918,0.8472
0.89576,0.81377
0.91213,0.77781
0.92573,0.73694
0.94302,0.69779
0.96061,0.65715
0.96555,0.60228
0.96922,0.54475
0.97091,0.48409
0.97959,0.42945
0.98931,0.37515
0.99039,0.31172
1.0069,0.26349
1.0149,0.20672
1.0133,0.14065
1.0018,0.065085
1.0081,0.0080966
1.014,-0.048335
1.0071,-0.11624
1.0004,-0.18256
1.0079,-0.23289
0.99279,-0.30391
0.98605,-0.36436
0.98319,-0.41851
0.97512,-0.47521
0.96573,-0.5304
0.95846,-0.58038
0.94517,-0.63314
0.94347,-0.67085
0.9342,-0.71252
0.9173,-0.75804
0.90386,-0.79617
0.89125,-0.82939
0.86293,-0.87412
0.85662,-0.89253
0.83646,-0.9204
0.81626,-0.94381
0.8038,-0.95494
0.7738,-0.979
0.76576,-0.97647
0.74251,-0.98449
0.71401,-0.9931
0.68728,-0.9953
0.67837,-0.97505
0.65528,-0.96443
0.62811,-0.95338
0.60139,-0.93746
0.56528,-0.92658
0.55548,-0.88518
0.52447,-0.86087
0.48212,-0.84396
0.46922,-0.79379
0.43483,-0.76146
0.40286,-0.72326
0.37842,-0.67425
0.35071,-0.62546
0.31082,-0.58598
0.29301,-0.52181
0.26249,-0.46795
0.21887,-0.42505
0.19362,-0.36188
0.16126,-0.30419
0.13986,-0.23417
0.10239,-0.1791
0.079663,-0.10846
0.046179,-0.048022
0.018926,0.018926
-0.02918,0.065021
-0.058129,0.12999
-0.081932,0.19956
-0.1092,0.26482
-0.14189,0.32357
-0.17829,0.37722
-0.204,0.43992
-0.24127,0.48917
-0.27264,0.54218
-0.30404,0.59276
-0.33467,0.64149
-0.36274,0.68993
-0.38546,0.74066
-0.42367,0.77263
-0.43834,0.82467
-0.47795,0.84814
-0.49171,0.89364
-0.5207,0.91996
-0.55496,0.9369
-0.57434,0.9645
-0.59336,0.98813
-0.62335,0.99636
-0.64973,1.0037
-0.68339,0.99919
-0.70096,1.0061
-0.72293,1.0041
-0.74592,0.99631
-0.76036,0.99244
-0.77695,0.98179
-0.79594,0.96413
-0.81925,0.93761
-0.83483,0.91432
-0.85269,0.88435
-0.87327,0.84737
-0.88419,0.81584
-0.89825,0.77709
-0.90513,0.7416
-0.92548,0.68884
-0.93642,0.64188
-0.93676,0.60209
-0.9547,0.54142
-0.96008,0.49026
-0.9642,0.43749
-0.97613,0.37428
-0.9815,0.3152
-0.97858,0.26222
-0.97737,0.20557
-0.9935,0.12986
-0.98427,0.078032
-0.9978,0.0022034
-0.99248,-0.055763
-0.98563,-0.11294
-0.99006,-0.18188
-0.9839,-0.24047
-0.98012,-0.30145
-0.97408,-0.35992
-0.97227,-0.42213
-0.96608,-0.47925
-0.95215,-0.52769
-0.93739,-0.57412
-0.92658,-0.62313
-0.92638,-0.68115
-0.90885,-0.72006
-0.89535,-0.76104
-0.87174,-0.78975
-0.85942,-0.82744
-0.85933,-0.87489
-0.83562,-0.89612
-0.81278,-0.91548
-0.80134,-0.94337
-0.78227,-0.9607
-0.76064,-0.97241
-0.74998,-0.99198
-0.71042,-0.97948
-0.69713,-0.99003
-0.67391,-0.98739
-0.65076,-0.98156
-0.6362,-0.98106
-0.61276,-0.96843
-0.57619,-0.93947
-0.56046,-0.92816
-0.51781,-0.88681
-0.49742,-0.86469
-0.46408,-0.82665
-0.44479,-0.79982
-0.41442,-0.75915
-0.39068,-0.7225
-0.35423,-0.67065
-0.31885,-0.61754
-0.30701,-0.58577
-0.26549,-0.52233
-0.24561,-0.47868
-0.20195,-0.40959
-0.17386,-0.3546
-0.13731,-0.28989
-0.11149,-0.23485
-0.082686,-0.17596
-0.059844,-0.12239
-0.015976,-0.047355
0.017908,0.017908
0.049581,0.08096
0.075308,0.13785
0.11031,0.20359
0.13328,0.25664
0.16307,0.31565
0.20373,0.38447
0.21904,0.42668
0.26353,0.49659
0.28907,0.5459
0.31433,0.5931
0.34793,0.64661
0.37992,0.69635
0.40346,0.73528
0.42792,0.77265
0.46849,0.82351
0.49755,0.86013
0.52874,0.896
0.5416,0.9106
0.57209,0.93978
0.60748,0.97075
0.63096,0.98664
0.65133,0.99619
0.67798,1.0088
0.68676,1.0002
0.71319,1.0061
0.73632,1.0054
0.76473,1.0067
0.78988,1.0017
0.80945,0.98788
0.81295,0.95499
0.83218,0.93488
0.85407,0.91457
0.86385,0.87942
0.89311,0.86113
0.90826,0.82627
0.92001,0.78569
0.93504,0.74625
0.94463,0.6994
0.95592,0.65246
0.96195,0.59868
0.98016,0.5557
0.98508,0.49825
0.99199,0.44185
0.99803,0.38387
0.99395,0.31528
1.0036,0.26017
1.0082,0.20001
1.0158,0.14311
1.0002,0.063458
1.0181,0.018096
1.0092,-0.053108
1.0027,-0.12067
0.99914,-0.1838
0.995,-0.2458
0.99508,-0.30163
0.99529,-0.35512
0.99355,-0.40814
0.98469,-0.46565
0.9697,-0.52642
0.96739,-0.57146
0.95495,-0.62335
0.9306,-0.68372
0.9328,-0.71392
0.92303,-0.75231
0.89333,-0.80669
0.87835,-0.84229
0.87108,-0.86597
0.85796,-0.89119
0.84524,-0.91162
0.82539,-0.93468
0.80424,-0.95449
0.78582,-0.96698
0.75251,-0.98972
0.74346,-0.98353
0.71165,-0.99546
0.69001,-0.99256
0.66998,-0.98345
0.65467,-0.96504
0.61863,-0.96286
0.60072,-0.93812
0.57698,-0.91488
0.55323,-0.88743
0.52658,-0.85877
0.49383,-0.83225
0.45732,-0.80569
0.43769,-0.7586
0.40843,-0.71769
0.37263,-0.68004
0.35243,-0.62374
0.32436,-0.57245
0.28517,-0.52965
0.26145,-0.469
0.23395,-0.40997
0.20099,-0.35452
0.1743,-0.29115
0.13277,-0.24126
0.094512,-0.18698
0.066582,-0.12154
0.043293,-0.050908
0.0020901,0.0020901
-0.023983,0.070218
-0.046613,0.14151
-0.092208,0.18928
-0.12247,0.25156
-0.14787,0.31759
-0.1859,0.3696
-0.20605,0.43788
-0.22956,0.50089
-0.27193,0.54288
-0.30327,0.59353
-0.32431,0.65185
-0.36568,0.68699
-0.39427,0.73185
-0.41555,0.78075
-0.45104,0.81197
-0.47551,0.85057
-0.50314,0.88221
-0.52723,0.91343
-0.55494,0.93692
-0.5736,0.96525
-0.60218,0.97931
-0.62076,0.99895
-0.65552,0.9979
-0.67202,1.0106
-0.70285,1.0043
-0.72411,1.0029
-0.73667,1.0056
-0.75521,0.9976
-0.77612,0.98262
-0.79803,0.96204
-0.81336,0.9435
-0.82698,0.92218
-0.84484,0.89221
-0.85698,0.86366
-0.87419,0.82583
-0.88617,0.78917
-0.89991,0.74681
-0.92327,0.69105
-0.92608,0.65223
-0.94275,0.5961
-0.958,0.53812
-0.95347,0.49687
-0.96025,0.44144
-0.97555,0.37486
-0.9871,0.30961
-0.97585,0.26496
-0.98998,0.19297
-0.98532,0.13804
-0.98004,0.082258
-0.98964,0.010358
-0.98923,-0.052511
-0.9829,-0.11021
-0.98023,-0.17205
-0.98111,-0.23768
-0.97023,-0.29156
-0.96356,-0.3494
-0.96782,-0.41768
-0.95912,-0.47229
-0.95616,-0.53169
-0.94244,-0.57917
-0.93923,-0.63577
-0.92893,-0.6837
-0.89987,-0.71109
-0.88969,-0.75537
-0.88911,-0.80712
-0.87219,-0.84021
-0.85542,-0.87098
-0.8258,-0.8863
-0.8184,-0.92109
-0.79226,-0.9343
-0.78539,-0.96382
-0.76668,-0.97846
-0.74203,-0.98403
-0.72126,-0.99032
-0.69686,-0.98975
-0.68438,-0.99786
-0.64234,-0.97314
-0.63472,-0.97958
-0.61061,-0.96629
-0.57998,-0.94325
-0.5559,-0.92359
-0.53294,-0.90194
-0.50354,-0.8708
-0.4764,-0.83898
-0.44907,-0.80409
-0.41318,-0.75792
-0.39654,-0.72837
-0.35594,-0.67236
-0.31935,-0.61803
-0.29967,-0.57843
-0.2698,-0.52663
-0.2323,-0.46536
-0.20009,-0.40773
-0.16791,-0.34866
-0.14476,-0.29734
-0.12236,-0.24572
-0.086916,-0.18019
-0.060895,-0.12344
-0.029946,-0.061326
0.010825,0.010825
0.046071,0.077451
0.075032,0.13757
0.10184,0.19511
0.13832,0.26167
0.16511,0.31769
0.20312,0.38387
0.22815,0.43579
0.25946,0.49252
0.29221,0.54904
0.32434,0.60311
0.34515,0.64384
0.37878,0.6952
0.40481,0.73663
0.43148,0.77621
0.4587,0.81373
0.4882,0.85077
0.52065,0.88792
0.53767,0.90667
0.56897,0.93667
0.60105,0.96432
0.61443,0.9701
0.64874,0.9936
0.67895,1.0097
0.69712,1.0106
0.72194,1.0148
0.74894,1.018
0.75959,1.0016
0.78475,0.99652
0.79344,0.97187
0.8178,0.95984
0.83591,0.93861
0.86017,0.92067
0.87533,0.89089
0.89381,0.86183
0.90166,0.81967
0.90528,0.77097
0.93169,0.74291
0.94905,0.70382
0.94147,0.63801
0.96926,0.60599
0.9783,0.55383
0.97137,0.48454
0.99363,0.4435
0.99888,0.38472
0.99365,0.31498
0.99617,0.25275
0.99936,0.19118
1.0179,0.14518
1.008,0.071326
1.0031,0.0031157
1.0103,-0.052001
1.0063,-0.11702
1.0101,-0.17288
1.006,-0.23484
1.0057,-0.29102
0.9891,-0.36132
0.99316,-0.40853
0.98814,-0.4622
0.97005,-0.52607
0.96421,-0.57464
0.95607,-0.62224
0.94899,-0.66534
0.91864,-0.72808
0.92305,-0.75229
0.90478,-0.79525
0.89571,-0.82493
0.87172,-0.86533
0.85906,-0.89009
0.84175,-0.9151
0.82247,-0.9376
0.80074,-0.958
0.7903,-0.9625
0.7594,-0.98283
0.74274,-0.98426
0.72005,-0.98706
0.70343,-0.97914
0.67198,-0.98145
0.65312,-0.96659
0.62689,-0.9546
0.59059,-0.94825
0.57541,-0.91645
0.53914,-0.90152
0.51274,-0.87261
0.48674,-0.83934
0.46086,-0.80214
0.4439,-0.75239
0.40292,-0.7232
0.38362,-0.66905
0.34007,-0.6361
0.3166,-0.58021
0.29707,-0.51775
0.25325,-0.47719
0.23469,-0.40923
0.19434,-0.36117
0.16277,-0.30268
0.1379,-0.23613
0.11385,-0.16764
0.079607,-0.10852
0.03246,-0.061741
0.018402,0.018402
-0.015872,0.078329
-0.048138,0.13999
-0.085226,0.19626
-0.11875,0.25528
-0.14383,0.32162
-0.1723,0.38321
-0.21658,0.42734
-0.23071,0.49974
-0.26677,0.54804
-0.29056,0.60624
-0.32527,0.65089
-0.36567,0.687
-0.3953,0.73082
-0.41604,0.78025
-0.45239,0.81062
-0.47698,0.84911
-0.50235,0.883
-0.51851,0.92215
-0.56183,0.93003
-0.58043,0.95841
-0.59599,0.9855
-0.62448,0.99523
-0.65005,1.0034
-0.67379,1.0088
-0.69053,1.0166
-0.72579,1.0012
-0.74747,0.99475
-0.76506,0.98774
-0.78019,0.97854
-0.79592,0.96416
-0.81481,0.94204
-0.8317,0.91745
-0.84249,0.89456
-0.86926,0.85137
-0.87823,0.8218
-0.88629,0.78905
-0.91643,0.73029
-0.921,0.69332
-0.92433,0.65398
-0.94917,0.58967
-0.95788,0.53824
-0.9679,0.48244
-0.95595,0.44575
-0.97422,0.3762
-0.97246,0.32424
-0.98775,0.25306
-0.97687,0.20607
-0.9927,0.13066
-0.98492,0.077373
-0.98013,0.019873
-0.99327,-0.056557
-0.9807,-0.10801
-0.99172,-0.18354
-0.9901,-0.24667
-0.96955,-0.29088
-0.96808,-0.35392
-0.96084,-0.41071
-0.96844,-0.48161
-0.9529,-0.52843
-0.94131,-0.57804
-0.93786,-0.6344
-0.9154,-0.67017
-0.89777,-0.70899
-0.90282,-0.7685
-0.88716,-0.80517
-0.86544,-0.83346
-0.84823,-0.86379
-0.84041,-0.90091
-0.82095,-0.92365
-0.79447,-0.93651
-0.77448,-0.95291
-0.77036,-0.98213
-0.73651,-0.97851
-0.71036,-0.97942
-0.69715,-0.99004
-0.67207,-0.98555
-0.64998,-0.98078
-0.62249,-0.96735
-0.59433,-0.95001
-0.58629,-0.94956
-0.56118,-0.92888
-0.52994,-0.89894
-0.49499,-0.86226
-0.46397,-0.82654
-0.45126,-0.80629
-0.41934,-0.76407
-0.39624,-0.72806
-0.35309,-0.66951
-0.32034,-0.61903
-0.29769,-0.57646
-0.27179,-0.52862
-0.24693,-0.47999
-0.20912,-0.41675
-0.17023,-0.35097
-0.14698,-0.29956
-0.12509,-0.24844
-0.082968,-0.17624
-0.059182,-0.12173
-0.024051,-0.055431
0.019397,0.019397
0.049472,0.080852
0.06774,0.13028
0.11014,0.20341
0.13133,0.25469
0.1609,0.31349
0.195,0.37575
0.23494,0.44257
0.26678,0.49984
0.28279,0.53962
0.32772,0.60649
0.35139,0.65008
0.37987,0.69629
0.4016,0.73342
0.43779,0.78252
0.45898,0.814
0.4992,0.86177
0.52788,0.89515
0.5432,0.9122
0.56214,0.92983
0.60519,0.96846
0.61995,0.97563
0.65664,1.0015
0.66446,0.99526
0.70435,1.0178
0.70719,1.0001
0.74057,1.0096
0.76744,1.0094
0.78981,1.0016
0.79626,0.97469
0.81068,0.95272
0.83283,0.93553
0.85725,0.91774
0.87683,0.89239
0.89512,0.86314
0.89796,0.81597
0.90626,0.77195
0.9253,0.73651
0.93113,0.6859
0.95515,0.65169
0.95252,0.58925
0.97971,0.55524
0.98651,0.49968
0.97628,0.42615
0.98298,0.36881
1.0069,0.32822
0.99511,0.25169
0.99969,0.19151
1.0135,0.1408
1.0187,0.08195
1.0088,0.0088078
1.0121,-0.050202
1.0145,-0.10881
1.0084,-0.17458
0.99338,-0.24743
1.0057,-0.29099
1.0002,-0.35018
0.99308,-0.40862
0.9779,-0.47244
0.97952,-0.5166
0.97029,-0.56855
0.94163,-0.63667
0.94683,-0.66749
0.92251,-0.72422
0.91021,-0.76514
0.9039,-0.79612
0.89078,-0.82985
0.86947,-0.86758
0.85315,-0.89601
0.84678,-0.91008
0.8232,-0.93687
0.79878,-0.95996
0.78269,-0.97011
0.7571,-0.98513
0.73797,-0.98903
0.70711,-1
0.69478,-0.98779
0.66373,-0.98969
0.6529,-0.96681
0.62238,-0.95911
0.59057,-0.94827
0.56995,-0.92191
0.55082,-0.88984
0.52182,-0.86353
0.49344,-0.83264
0.46162,-0.80139
0.43493,-0.76136
0.41127,-0.71484
0.37673,-0.67594
0.35606,-0.6201
0.32813,-0.56867
0.2801,-0.53472
0.26308,-0.46737
0.23151,-0.41242
0.20103,-0.35448
0.16717,-0.29828
0.13051,-0.24351
0.098179,-0.18331
0.068247,-0.11988
0.04842,-0.045781
0.010851,0.010851
-0.021949,0.072253
-0.061537,0.12659
-0.090327,0.19116
-0.12162,0.2524
-0.15125,0.3142
-0.18016,0.37534
-0.20733,0.4366
-0.2483,0.48214
-0.26968,0.54513
-0.29985,0.59695
-0.32615,0.65001
-0.35246,0.70022
-0.39024,0.73588
-0.42061,0.77569
-0.43748,0.82553
-0.48093,0.84515
-0.49942,0.88593
-0.52107,0.91958
-0.55116,0.9407
-0.57561,0.96323
-0.59395,0.98754
-0.62791,0.9918
-0.66022,0.9932
-0.67488,1.0077
-0.69495,1.0122
-0.72092,1.0061
-0.74014,1.0021
-0.75667,0.99613
-0.77031,0.98843
-0.80217,0.95791
-0.81367,0.94318
-0.83247,0.91669
-0.86062,0.87643
-0.86601,0.85462
-0.88737,0.81266
-0.88909,0.78625
-0.90193,0.7448
-0.92489,0.68944
-0.9398,0.6385
-0.93653,0.60232
-0.94615,0.54997
-0.9541,0.49623
-0.96755,0.43415
-0.97383,0.37658
-0.97946,0.31724
-0.97392,0.26688
-0.99453,0.18841
-0.99131,0.13205
-0.99754,0.064762
-0.98476,0.015245
-0.99346,-0.05674
-0.99002,-0.11733
-0.9861,-0.17792
-0.98486,-0.24144
-0.98483,-0.30616
-0.96535,-0.35119
-0.96724,-0.4171
-0.96381,-0.47698
-0.94338,-0.51891
-0.94038,-0.57711
-0.92492,-0.62147
-0.92664,-0.68141
-0.89929,-0.7105
-0.90317,-0.76886
-0.88706,-0.80507
-0.86308,-0.8311
-0.84727,-0.86284
-0.82645,-0.88695
-0.81137,-0.91406
-0.80479,-0.94683
-0.78769,-0.96612
-0.76875,-0.98052
-0.7463,-0.9883
-0.71545,-0.9845
-0.69022,-0.98311
-0.67702,-0.9905
-0.65204,-0.98284
-0.62752,-0.97238
-0.60776,-0.96343
-0.57246,-0.93573
-0.54215,-0.90984
-0.53171,-0.90071
-0.49297,-0.86024
-0.48113,-0.84371
-0.45399,-0.80901
-0.42041,-0.76514
-0.39595,-0.72777
-0.36311,-0.67953
-0.32949,-0.62818
-0.30372,-0.58249
-0.26968,-0.52651
-0.23974,-0.47281
-0.2134,-0.42103
-0.17211,-0.35285
-0.13782,-0.2904
-0.12002,-0.24337
-0.081004,-0.17428
-0.052824,-0.11537
-0.015547,-0.046926
0.018578,0.018578
0.042342,0.073721
0.065288,0.12783
0.10409,0.19736
0.13492,0.25828
0.16509,0.31768
0.19452,0.37526
0.22338,0.43102
0.25709,0.49016
0.2856,0.54244
0.32428,0.60304
0.34299,0.64168
0.3691,0.68553
0.39846,0.73028
0.44199,0.78672
0.45497,0.81
0.50086,0.86343
0.51976,0.88702
0.55204,0.92104
0.56815,0.93584
0.59538,0.95865
0.63032,0.98599
0.65201,0.99687
0.66438,0.99519
0.70425,1.0177
0.71266,1.0055
0.74327,1.0123
0.76346,1.0055
0.77517,0.98694
0.79755,0.97598
0.81389,0.95593
0.83397,0.93667
0.849,0.9095
0.86513,0.8807
0.88979,0.85781
0.9025,0.82051
0.90821,0.77389
0.91806,0.72928
0.94568,0.70045
0.95523,0.65177
0.95213,0.58886
0.96896,0.5445
0.97315,0.48632
0.97832,0.42818
0.98415,0.36999
0.99397,0.3153
1.0108,0.26733
1.0088,0.20063
1.0036,0.13092
1.0053,0.068564
1.0125,0.012512
1.0013,-0.060962
1.0095,-0.11391
1.0131,-0.16989
1.0007,-0.24013
1.004,-0.29275
1.0014,-0.34902
0.99219,-0.4095
0.98422,-0.46611
0.97726,-0.51886
0.959,-0.57984
0.95056,-0.62775
0.93657,-0.67775
0.93308,-0.71364
0.91724,-0.7581
0.89232,-0.80771
0.87907,-0.84157
0.87722,-0.85983
0.86382,-0.88533
0.8465,-0.91035
0.82383,-0.93625
0.80874,-0.95
0.77061,-0.98219
0.75164,-0.99059
0.74738,-0.97962
0.71722,-0.98988
0.68563,-0.99695
0.66286,-0.99057
0.65513,-0.96458
0.62936,-0.95213
0.58911,-0.94974
0.56581,-0.92605
0.55282,-0.88783
0.51267,-0.87268
0.49767,-0.82841
0.47098,-0.79203
0.43531,-0.76098
0.41005,-0.71607
0.37787,-0.6748
0.35729,-0.61887
0.32083,-0.57597
0.28891,-0.52591
0.25401,-0.47643
0.21847,-0.42545
0.20355,-0.35195
0.1575,-0.30796
0.13406,-0.23997
0.10194,-0.17955
0.068569,-0.11955
0.042924,-0.051277
0.014549,0.014549
-0.021626,0.072576
-0.061401,0.12672
-0.088186,0.1933
-0.10682,0.26721
-0.14705,0.3184
-0.17516,0.38034
-0.21523,0.4287
-0.23564,0.4948
-0.26494,0.54988
-0.30832,0.58848
-0.33519,0.64097
-0.35114,0.70153
-0.38701,0.73911
-0.42138,0.77491
-0.44114,0.82187
-0.48008,0.84601
-0.50492,0.88042
-0.52671,0.91394
-0.55343,0.93843
-0.57851,0.96033
-0.61099,0.9705
-0.6193,1.0004
-0.65138,1.002
-0.67946,1.0031
-0.70404,1.0031
-0.71543,1.0116
-0.73274,1.0095
-0.76595,0.98685
-0.7795,0.97924
-0.80685,0.95322
-0.81652,0.94034
-0.82761,0.92155
-0.84655,0.89049
-0.86838,0.85225
-0.87518,0.82484
-0.90389,0.77145
-0.90278,0.74394
-0.92678,0.68754
-0.93379,0.64452
-0.93557,0.60327
-0.94548,0.55064
-0.96112,0.48922
-0.95928,0.44242
-0.97245,0.37797
-0.96933,0.32738
-0.97733,0.26347
-0.99413,0.18881
-0.9963,0.12706
-0.99478,0.067512
-0.99249,0.0075088
-0.9879,-0.051183
-0.98594,-0.11324
-0.99065,-0.18247
-0.97736,-0.23394
-0.97227,-0.2936
-0.96844,-0.35427
-0.95905,-0.40892
-0.95443,-0.4676
-0.94423,-0.51976
-0.93476,-0.57149
-0.93344,-0.62999
-0.92197,-0.67674
-0.91761,-0.72882
-0.88501,-0.7507
-0.88928,-0.8073
-0.86307,-0.83109
-0.84628,-0.86185
-0.83319,-0.89369
-0.8221,-0.9248
-0.80597,-0.94801
-0.78349,-0.96192
-0.76605,-0.97783
-0.74755,-0.98955
-0.72393,-0.99299
-0.69931,-0.99221
-0.67781,-0.99129
-0.64579,-0.9766
-0.62731,-0.97218
-0.61285,-0.96852
-0.57736,-0.94063
-0.56046,-0.92815
-0.51868,-0.88768
-0.49295,-0.86021
-0.46371,-0.82628
-0.44781,-0.80284
-0.4118,-0.75653
-0.39253,-0.72435
-0.36557,-0.68199
-0.33514,-0.63383
-0.29949,-0.57826
-0.26659,-0.52343
-0.24303,-0.47609
-0.19961,-0.40724
-0.17902,-0.35977
-0.15133,-0.30391
-0.11704,-0.2404
-0.081391,-0.17466
-0.047989,-0.11053
-0.027864,-0.059244
0.018545,0.018545
0.042814,0.074194
0.068448,0.13099
0.11382,0.20709
0.14023,0.26359
0.17225,0.32483
0.20284,0.38358
0.22711,0.43474
0.2504,0.48347
0.2974,0.55424
0.32598,0.60475
0.34137,0.64006
0.37789,0.69432
0.41461,0.74643
0.44235,0.78708
0.45962,0.81464
0.49837,0.86094
0.52009,0.88735
0.55454,0.92354
0.58102,0.94871
0.591,0.95427
0.62258,0.97825
0.64154,0.98641
0.67163,1.0024
0.69999,1.0135
0.7207,1.0136
0.74506,1.0141
0.75152,0.99352
0.78645,0.99822
0.80488,0.98331
0.82371,0.96575
0.84045,0.94314
0.85931,0.91981
0.86185,0.87742
0.89477,0.86279
0.90746,0.82547
0.91636,0.78204
0.92275,0.73396
0.93273,0.6875
0.9531,0.64964
0.9588,0.59553
0.9795,0.55504
0.97357,0.48675
0.98021,0.43007
0.98839,0.37423
1.0036,0.32493
0.99249,0.24906
1.0022,0.19398
1.0031,0.13042
1.003,0.066278
1.0148,0.014753
1.0136,-0.048658
1.0027,-0.12068
0.99829,-0.18465
0.99866,-0.24215
1.0051,-0.29165
1.0016,-0.34879
0.98089,-0.42081
0.97024,-0.4801
0.96469,-0.53143
0.957,-0.58184
0.94127,-0.63703
0.93932,-0.675
0.92009,-0.72663
0.91819,-0.75715
0.89543,-0.80459
0.87993,-0.84071
0.86089,-0.87615
0.86237,-0.88679
0.82793,-0.92892
0.8241,-0.93597
0.79039,-0.96835
0.7803,-0.9725
0.75462,-0.98761
0.74315,-0.98385
0.70927,-0.99783
0.6982,-0.98438
0.66165,-0.99178
0.63934,-0.98037
0.6228,-0.95869
0.59342,-0.94542
0.58063,-0.91123
0.53752,-0.90313
0.52293,-0.86242
0.4862,-0.83988
0.45643,-0.80657
0.42981,-0.76648
0.41575,-0.71037
0.38661,-0.66606
0.3529,-0.62326
0.31963,-0.57717
0.2982,-0.51662
0.25684,-0.47361
0.21842,-0.4255
0.19807,-0.35744
0.1586,-0.30685
0.13925,-0.23478
0.09941,-0.18208
0.064183,-0.12394
0.048804,-0.045398
0.015947,0.015947
-0.027355,0.066846
-0.050471,0.13765
-0.089242,0.19225
-0.1104,0.26363
-0.14799,0.31747
-0.17182,0.38369
-0.20269,0.44124
-0.24308,0.48736
-0.27013,0.54469
-0.29201,0.60479
-0.32116,0.65501
-0.36176,0.69091
-0.37817,0.74794
-0.4176,0.77869
-0.43642,0.82659
-0.46742,0.85866
-0.50174,0.88361
-0.52968,0.91098
-0.55279,0.93907
-0.5799,0.95894
-0.59382,0.98767
-0.63184,0.98788
-0.642,1.0114
-0.67968,1.0029
-0.69256,1.0145
-0.70984,1.0172
-0.73692,1.0053
-0.7509,1.0019
-0.78225,0.97649
-0.80129,0.95879
-0.82408,0.93278
-0.83436,0.9148
-0.84355,0.8935
-0.87188,0.84875
-0.87868,0.82134
-0.88883,0.78651
-0.91695,0.72977
-0.92326,0.69107
-0.93113,0.64718
-0.9364,0.60244
-0.94768,0.54844
-0.96314,0.48719
-0.96636,0.43533
-0.96556,0.38485
-0.98169,0.31501
-0.97748,0.26332
-0.9864,0.19655
-0.99768,0.12568
-0.98557,0.07673
-0.99202,0.0079781
-0.98737,-0.050657
-0.98234,-0.10964
-0.98792,-0.17974
-0.989,-0.24557
-0.96942,-0.29075
-0.97165,-0.35749
-0.96415,-0.41401
-0.95245,-0.46562
-0.9576,-0.53313
-0.94918,-0.58591
-0.9275,-0.62405
-0.92085,-0.67562
-0.9019,-0.71312
-0.90137,-0.76706
-0.87291,-0.79092
-0.86965,-0.83768
-0.84429,-0.85986
-0.8265,-0.887
-0.82249,-0.92519
-0.79623,-0.93827
-0.77254,-0.95096
-0.75237,-0.96415
-0.73105,-0.97305
-0.7233,-0.99235
-0.70118,-0.99407
-0.68079,-0.99427
-0.65444,-0.98524
-0.63677,-0.98163
-0.61169,-0.96737
-0.58149,-0.94476
-0.55308,-0.92077
-0.53244,-0.90144
-0.49691,-0.86418
-0.47495,-0.83753
-0.44422,-0.79925
-0.41572,-0.76045
-0.38884,-0.72066
-0.35662,-0.67305
-0.32589,-0.62458
-0.29869,-0.57746
-0.26283,-0.51966
-0.24514,-0.4782
-0.21597,-0.4236
-0.16782,-0.34856
-0.15291,-0.30549
-0.11229,-0.23565
-0.077618,-0.17089
-0.056348,-0.11889
-0.026949,-0.058329
0.0022221,0.0022221
0.033744,0.065124
0.066327,0.12887
0.11061,0.20388
0.13248,0.25584
0.17164,0.32422
0.18888,0.36962
0.23713,0.44477
0.26731,0.50038
0.28639,0.54322
0.31894,0.59771
0.35634,0.65502
0.37599,0.69241
0.40891,0.74073
0.43686,0.78159
0.45571,0.81074
0.50164,0.86422
0.52016,0.88743
0.54604,0.91504
0.57031,0.93801
0.59292,0.95619
0.63207,0.98775
0.63781,0.98267
0.67166,1.0025
0.69739,1.0109
0.72679,1.0197
0.74813,1.0172
0.76294,1.0049
0.77291,0.98468
0.79711,0.97554
0.8163,0.95834
0.83456,0.93726
0.85719,0.91769
0.86569,0.88126
0.89531,0.86333
0.90335,0.82136
0.92152,0.78721
0.93679,0.748
0.93933,0.6941
0.94543,0.64198
0.96734,0.60407
0.96431,0.53984
0.97381,0.48698
0.97902,0.42889
0.99336,0.3792
1.0055,0.32686
0.99554,0.25212
1.0132,0.20499
1.0047,0.13197
1.0045,0.067756
1.0178,0.01785
1.0015,-0.060795
0.99843,-0.12493
0.9962,-0.18674
1.0048,-0.23604
0.99862,-0.29809
0.99007,-0.36034
0.99387,-0.40782
0.9865,-0.46383
0.96925,-0.52687
0.96887,-0.56997
0.95193,-0.62638
0.94376,-0.67056
0.9215,-0.72522
0.92274,-0.7526
0.91089,-0.78913
0.88597,-0.83467
0.86644,-0.87061
0.84777,-0.90139
0.84142,-0.91544
0.80948,-0.9506
0.79841,-0.96033
0.77424,-0.97856
0.75101,-0.99121
0.73582,-0.99118
0.72284,-0.98427
0.68613,-0.99644
0.6748,-0.97862
0.6506,-0.96911
0.61788,-0.96361
0.60007,-0.93877
0.57836,-0.9135
0.53864,-0.90201
0.51851,-0.86684
0.48548,-0.84061
0.4711,-0.79191
0.43886,-0.75743
0.41082,-0.71529
0.37193,-0.68074
0.34064,-0.63553
0.31323,-0.58357
0.29267,-0.52214
0.26116,-0.46928
0.2258,-0.41812
0.19252,-0.36298
0.16033,-0.30512
0.14123,-0.23279
0.099308,-0.18218
0.073597,-0.11453
0.036289,-0.057913
0.014124,0.014124
-0.025765,0.068436
-0.049496,0.13863
-0.093149,0.18834
-0.11401,0.26001
-0.1539,0.31155
-0.17931,0.37619
-0.20102,0.44291
-0.2376,0.49284
-0.26986,0.54496
-0.29712,0.59968
-0.31901,0.65715
-0.35634,0.69633
-0.38303,0.74309
-0.42127,0.77502
-0.43671,0.82629
-0.47444,0.85165
-0.50793,0.87742
-0.51625,0.9244
-0.56017,0.93169
-0.57916,0.95968
-0.59996,0.98153
-0.61863,1.0011
-0.64543,1.008
-0.68003,1.0025
-0.69877,1.0083
-0.72086,1.0061
-0.74632,0.9959
-0.75768,0.99512
-0.78484,0.9739
-0.7942,0.96587
-0.82655,0.93031
-0.8393,0.90986
-0.8577,0.87934
-0.8735,0.84713
-0.88608,0.81394
-0.89883,0.77651
-0.90836,0.73837
-0.9135,0.70083
-0.9272,0.6511
-0.94189,0.59695
-0.94479,0.55133
-0.95857,0.49177
-0.96265,0.43905
-0.98208,0.36833
-0.96849,0.32821
-0.97613,0.26467
-0.97913,0.20381
-0.98756,0.1358
-0.98886,0.073437
-0.98868,0.011316
-0.98787,-0.05115
-0.99575,-0.12305
-0.99425,-0.18607
-0.97255,-0.22913
-0.97276,-0.29409
-0.97805,-0.36388
-0.95651,-0.40637
-0.94861,-0.46178
-0.95886,-0.53439
-0.94012,-0.57685
-0.92883,-0.62537
-0.91991,-0.67469
-0.90187,-0.71309
-0.89118,-0.75686
-0.88972,-0.80773
-0.86505,-0.83307
-0.84289,-0.85846
-0.83929,-0.89979
-0.8234,-0.92609
-0.80033,-0.94237
-0.78048,-0.95891
-0.76632,-0.97809
-0.7315,-0.9735
-0.72258,-0.99163
-0.68801,-0.98091
-0.66886,-0.98234
-0.64461,-0.97542
-0.63659,-0.98145
-0.59903,-0.9547
-0.58327,-0.94654
-0.55192,-0.91961
-0.53235,-0.90135
-0.49308,-0.86035
-0.47304,-0.83561
-0.44895,-0.80398
-0.41398,-0.75871
-0.38171,-0.71353
-0.35213,-0.66855
-0.32446,-0.62314
-0.29958,-0.57834
-0.26396,-0.52079
-0.24315,-0.47621
-0.21451,-0.42214
-0.18499,-0.36573
-0.14473,-0.29732
-0.10792,-0.23127
-0.074712,-0.16798
-0.05531,-0.11785
-0.011671,-0.043051
0.0024606,0.0024606
0.03927,0.07065
0.065744,0.12829
0.096833,0.19011
0.14444,0.26779
0.15877,0.31135
0.19176,0.3725
0.22112,0.42875
0.24998,0.48305
0.28628,0.54311
0.32154,0.6003
0.34343,0.64212
0.38489,0.70131
0.40336,0.73519
0.43461,0.77934
0.46393,0.81896
0.50017,0.86274
0.5192,0.88647
0.55382,0.92282
0.56558,0.93327
0.59922,0.96249
0.61663,0.9723
0.65558,1.0004
0.66361,0.99442
0.69425,1.0077
0.71655,1.0094
0.74559,1.0146
0.75126,0.99326
0.78614,0.99792
0.79449,0.97291
0.80968,0.95172
0.84577,0.94846
0.85838,0.91888
0.86938,0.88494
0.88416,0.85218
0.90967,0.82768
0.91533,0.78101
0.92132,0.73253
0.93635,0.69112
0.9531,0.64964
0.9522,0.58893
0.97632,0.55185
0.98798,0.50115
0.99281,0.44268
0.99729,0.38313
1.0063,0.32763
0.99251,0.24908
1.0141,0.20594
1.0102,0.13749
1.0149,0.078213
1.0198,0.01983
1.0041,-0.058185
1.0042,-0.11918
1.0109,-0.172
1.0072,-0.23356
1.0069,-0.28985
1.0004,-0.35005
0.97662,-0.42507
0.98611,-0.46423
0.97583,-0.52029
0.95592,-0.58292
0.94682,-0.63148
0.94885,-0.66547
0.92199,-0.72473
0.91242,-0.76292
0.89401,-0.80601
0.8791,-0.84154
0.8705,-0.86655
0.85893,-0.89023
0.84315,-0.91371
0.81972,-0.94035
0.80317,-0.95557
0.78126,-0.97154
0.75139,-0.99084
0.73445,-0.99255
0.70809,-0.99901
0.70348,-0.9791
0.66815,-0.98528
0.64601,-0.9737
0.62942,-0.95207
0.60272,-0.93613
0.57992,-0.91194
0.54027,-0.90038
0.51118,-0.87417
0.48767,-0.83841
0.46868,-0.79432
0.44436,-0.75193
0.4029,-0.72322
0.37441,-0.67826
0.34725,-0.62891
0.31513,-0.58167
0.29763,-0.51718
0.26409,-0.46635
0.2367,-0.40723
0.19562,-0.35989
0.16879,-0.29666
0.12674,-0.24728
0.095426,-0.18606
0.073468,-0.11466
0.03787,-0.056331
0.015192,0.015192
-0.030391,0.06381
-0.046242,0.14188
-0.094017,0.18747
-0.12222,0.2518
-0.1553,0.31015
-0.17406,0.38145
-0.21022,0.43371
-0.2465,0.48394
-0.27075,0.54407
-0.28929,0.60751
-0.32752,0.64864
-0.36292,0.68975
-0.38854,0.73757
-0.41978,0.77651
-0.43698,0.82603
-0.46805,0.85803
-0.48911,0.89624
-0.53022,0.91043
-0.54667,0.94519
-0.57646,0.96238
-0.61051,0.97098
-0.62475,0.99496
-0.6585,0.99492
-0.67911,1.0035
-0.68949,1.0176
-0.715,1.012
-0.73303,1.0092
-0.76329,0.98951
-0.78608,0.97266
-0.79217,0.96791
-0.81296,0.94389
-0.83233,0.91682
-0.85643,0.88061
-0.86448,0.85615
-0.88666,0.81336
-0.89326,0.78208
-0.91467,0.73206
-0.92467,0.68965
-0.92799,0.65031
-0.94396,0.59488
-0.94084,0.55528
-0.95716,0.49318
-0.9697,0.432
-0.96773,0.38268
-0.9874,0.3093
-0.98734,0.25346
-0.9867,0.19624
-0.99234,0.13102
-0.99114,0.07116
-0.99314,0.0068628
-0.98817,-0.051454
-0.97867,-0.10598
-0.98818,-0.18
-0.98045,-0.23702
-0.98506,-0.30639
-0.96443,-0.35026
-0.96904,-0.4189
-0.96573,-0.47891
-0.94855,-0.52408
-0.94976,-0.58649
-0.92984,-0.62639
-0.92801,-0.68278
-0.90291,-0.71413
-0.90331,-0.769
-0.8903,-0.80831
-0.87176,-0.83978
-0.84897,-0.86454
-0.82654,-0.88704
-0.81407,-0.91677
-0.80562,-0.94766
-0.77581,-0.95424
-0.76984,-0.98162
-0.74078,-0.98278
-0.71502,-0.98407
-0.69023,-0.98312
-0.68198,-0.99546
-0.64985,-0.98065
-0.6336,-0.97846
-0.59679,-0.95247
-0.58627,-0.94954
-0.54961,-0.9173
-0.52783,-0.89683
-0.49641,-0.86368
-0.47822,-0.84079
-0.44957,-0.8046
-0.42105,-0.76579
-0.37954,-0.71136
-0.35086,-0.66729
-0.33708,-0.63577
-0.30669,-0.58546
-0.27636,-0.5332
-0.24114,-0.47421
-0.21213,-0.41977
-0.17467,-0.35541
-0.14014,-0.29272
-0.12233,-0.24569
-0.079587,-0.17286
-0.044257,-0.1068
-0.02116,-0.05254
0.0089439,0.0089439
0.048247,0.079626
0.065577,0.12812
0.10829,0.20156
0.12861,0.25196
0.16825,0.32083
0.19839,0.37914
0.2348,0.44244
0.26293,0.49599
0.29403,0.55086
0.31648,0.59524
0.34095,0.63963
0.38799,0.70441
0.39951,0.73133
0.43194,0.77668
0.4564,0.81143
0.48763,0.85021
0.52392,0.89118
0.54836,0.91736
0.57588,0.94357
0.60611,0.96938
0.62533,0.98101
0.64237,0.98723
0.66388,0.99468
0.70282,1.0163
0.72307,1.016
0.7372,1.0063
0.76571,1.0077
0.78191,0.99368
0.79105,0.96948
0.81601,0.95805
0.84238,0.94507
0.84786,0.90836
0.87729,0.89286
0.87754,0.84556
0.89335,0.81136
0.91079,0.77647
0.93359,0.7448
0.9401,0.69487
0.943,0.63954
0.95319,0.58992
0.97766,0.55319
0.97192,0.48509
0.97604,0.42591
0.98974,0.37558
0.99752,0.31885
1.0007,0.25725
1.0123,0.20413
1.0017,0.129
1.0064,0.069672
1.0107,0.010703
1.0194,-0.042894
1.0123,-0.11102
1.0065,-0.17642
1.0067,-0.2341
1.0057,-0.29097
0.99954,-0.35087
0.98901,-0.41269
0.98101,-0.46933
0.97023,-0.52589
0.96383,-0.57501
0.9488,-0.6295
0.94956,-0.66477
0.92619,-0.72053
0.91045,-0.76489
0.89758,-0.80244
0.8783,-0.84233
0.8684,-0.86864
0.8548,-0.89435
0.84503,-0.91183
0.82535,-0.93472
0.79994,-0.9588
0.79003,-0.96277
0.75121,-0.99101
0.73099,-0.996
0.71138,-0.99573
0.69813,-0.98445
0.67938,-0.97405
0.6389,-0.98081
0.61877,-0.96272
0.58834,-0.9505
0.56599,-0.92587
0.54522,-0.89544
0.51785,-0.8675
0.48188,-0.8442
0.45647,-0.80654
0.44463,-0.75167
0.40745,-0.71867
0.38673,-0.66594
0.34802,-0.62815
0.3169,-0.5799
0.29275,-0.52206
0.25745,-0.47299
0.22344,-0.42048
0.19514,-0.36037
0.15665,-0.3088
0.14239,-0.23163
0.097979,-0.18351
0.068023,-0.1201
0.034174,-0.060027
0.01532,0.01532
-0.021066,0.073135
-0.04329,0.14483
-0.085019,0.19647
-0.10851,0.26551
-0.13962,0.32583
-0.18687,0.36864
-0.21337,0.43056
-0.22908,0.50136
-0.26446,0.55036
-0.29296,0.60384
-0.3344,0.64177
-0.35913,0.69354
-0.38198,0.74413
-0.42269,0.77361
-0.45232,0.81069
-0.46814,0.85794
-0.50878,0.87657
-0.5232,0.91745
-0.54914,0.94272
-0.5751,0.96375
-0.59508,0.98641
-0.62652,0.99319
-0.65081,1.0026
-0.67406,1.0085
-0.70365,1.0035
-0.71276,1.0142
-0.74614,0.99608
-0.75528,0.99753
-0.78654,0.9722
-0.80786,0.95222
-0.81746,0.9394
-0.83182,0.91734
-0.84147,0.89558
-0.87169,0.84894
-0.87924,0.82079
-0.88927,0.78607
-0.90466,0.74207
-0.91844,0.69588
-0.92829,0.65001
-0.93255,0.60629
-0.95685,0.53927
-0.96319,0.48714
-0.96189,0.43981
-0.96615,0.38426
-0.98232,0.31438
-0.9828,0.258
-0.98944,0.1935
-0.99505,0.12831
-0.99226,0.07004
-0.99567,0.0043251
-0.98318,-0.046461
-0.9963,-0.12361
-0.98581,-0.17763
-0.97889,-0.23546
-0.9781,-0.29943
-0.97797,-0.3638
-0.95923,-0.40909
-0.95092,-0.46409
-0.94261,-0.51814
-0.95056,-0.58729
-0.93724,-0.63379
-0.92449,-0.67926
-0.90703,-0.71824
-0.8888,-0.75449
-0.88546,-0.80347
-0.86818,-0.8362
-0.84837,-0.86393
-0.83028,-0.89078
-0.82704,-0.92973
-0.7937,-0.93574
-0.77304,-0.95147
-0.75246,-0.96423
-0.7472,-0.98921
-0.71021,-0.97927
-0.68905,-0.98194
-0.67569,-0.98917
-0.65108,-0.98189
-0.62939,-0.97426
-0.59453,-0.9502
-0.58234,-0.94561
-0.54519,-0.91288
-0.52757,-0.89657
-0.48968,-0.85695
-0.4767,-0.83927
-0.44005,-0.79508
-0.42303,-0.76777
-0.38487,-0.71669
-0.36357,-0.67999
-0.33482,-0.6335
-0.30043,-0.5792
-0.2617,-0.51854
-0.24207,-0.47514
-0.2027,-0.41034
-0.17407,-0.35481
-0.14844,-0.30102
-0.1056,-0.22896
-0.081244,-0.17452
-0.053437,-0.11598
-0.029209,-0.060589
0.0052118,0.0052118
0.045713,0.077093
0.063181,0.12572
0.11365,0.20692
0.14433,0.26768
0.16233,0.31491
0.1927,0.37344
0.22815,0.43578
0.26565,0.49872
0.27963,0.53646
0.32589,0.60466
0.35025,0.64894
0.38531,0.70173
0.39943,0.73125
0.44263,0.78737
0.46372,0.81874
0.48667,0.84924
0.5245,0.89176
0.54321,0.91221
0.56323,0.93093
0.60315,0.96642
0.63071,0.98638
0.64843,0.9933
0.67174,1.0025
0.69922,1.0127
0.72313,1.016
0.7331,1.0022
0.76799,1.01
0.77126,0.98303
0.7984,0.97682
0.82832,0.97036
0.83327,0.93597
0.848,0.9085
0.86259,0.87815
0.89478,0.8628
0.89162,0.80963
0.91587,0.78156
0.92421,0.73543
0.94618,0.70095
0.95467,0.65121
0.95562,0.59235
0.97444,0.54998
0.978,0.49117
0.99325,0.44311
0.99103,0.37686
0.99006,0.31139
0.99252,0.24909
0.99814,0.18995
1.0129,0.14025
1.0173,0.080539
1.0192,0.019178
1.0128,-0.049479
1.0175,-0.10589
0.99725,-0.18569
0.99579,-0.24501
1.0013,-0.29545
0.99769,-0.35273
0.99354,-0.40815
0.97193,-0.47841
0.96064,-0.53548
0.95762,-0.58122
0.94131,-0.637
0.94593,-0.6684
0.92146,-0.72526
0.9202,-0.75514
0.90038,-0.79965
0.89567,-0.82497
0.87543,-0.86162
0.8446,-0.90456
0.84488,-0.91197
0.82699,-0.93308
0.7979,-0.96083
0.77281,-0.97999
0.76532,-0.9769
0.73724,-0.98975
0.71021,-0.99689
0.6896,-0.99297
0.67914,-0.97428
0.64815,-0.97156
0.62012,-0.96137
0.59504,-0.9438
0.57163,-0.92023
0.54408,-0.89657
0.51878,-0.86657
0.48425,-0.84183
0.47078,-0.79223
0.42652,-0.76978
0.40341,-0.7227
0.38748,-0.66519
0.35199,-0.62417
0.32147,-0.57533
0.29733,-0.51749
0.26446,-0.46599
0.22182,-0.4221
0.20097,-0.35453
0.16618,-0.29927
0.1323,-0.24172
0.10724,-0.17424
0.081018,-0.10711
0.037534,-0.056667
0.012064,0.012064
-0.022358,0.071844
-0.048534,0.13959
-0.085436,0.19605
-0.10612,0.2679
-0.15284,0.31261
-0.17068,0.38483
-0.20632,0.43761
-0.23262,0.49782
-0.26973,0.54509
-0.28986,0.60695
-0.33295,0.64321
-0.3657,0.68698
-0.38887,0.73725
-0.41464,0.78166
-0.44758,0.81543
-0.47381,0.85227
-0.50399,0.88136
-0.52341,0.91724
-0.54736,0.9445
-0.58768,0.95116
-0.61136,0.97013
-0.62466,0.99505
-0.64701,1.0064
-0.6844,0.99818
-0.6905,1.0166
-0.71214,1.0149
-0.7449,0.99733
-0.76171,0.99109
-0.78593,0.97281
-0.79025,0.96982
-0.81724,0.93961
-0.83905,0.9101
-0.84543,0.89162
-0.86151,0.85913
-0.87938,0.82064
-0.88658,0.78876
-0.90435,0.74237
-0.91691,0.69741
-0.92399,0.65432
-0.93152,0.60732
-0.95769,0.53843
-0.9493,0.50104
-0.9575,0.4442
-0.97438,0.37604
-0.96974,0.32697
-0.98642,0.25439
-0.99268,0.19026
-0.98511,0.13825
-0.99506,0.067241
-0.99095,0.0090511
-0.98328,-0.046568
-0.98515,-0.11246
-0.98799,-0.17981
-0.99106,-0.24764
-0.97626,-0.29759
-0.97114,-0.35698
-0.96942,-0.41929
-0.96097,-0.47414
-0.9591,-0.53464
-0.94591,-0.58263
-0.92809,-0.62463
-0.92716,-0.68193
-0.89889,-0.7101
-0.89917,-0.76485
-0.88329,-0.8013
-0.87075,-0.83878
-0.85945,-0.87501
-0.83087,-0.89137
-0.82227,-0.92497
-0.80483,-0.94687
-0.78265,-0.96108
-0.76863,-0.9804
-0.74327,-0.98527
-0.71442,-0.98348
-0.68786,-0.98075
-0.67278,-0.98626
-0.64756,-0.97836
-0.62846,-0.97332
-0.59927,-0.95495
-0.57906,-0.94233
-0.5532,-0.92089
-0.5198,-0.8888
-0.49409,-0.86135
-0.47285,-0.83543
-0.45238,-0.8074
-0.41408,-0.75882
-0.38274,-0.71456
-0.36579,-0.68221
-0.33296,-0.63164
-0.30195,-0.58072
-0.26125,-0.51808
-0.24536,-0.47843
-0.20272,-0.41035
-0.18372,-0.36447
-0.14891,-0.30149
-0.11261,-0.23596
-0.074514,-0.16779
-0.055766,-0.11831
-0.024869,-0.056249
0.0016102,0.0016102
0.038768,0.070147
0.075483,0.13803
0.10631,0.19958
0.13653,0.25989
0.16434,0.31692
0.19857,0.37931
0.22167,0.42931
0.25929,0.49236
0.27973,0.53656
0.32301,0.60178
0.34273,0.64142
0.38053,0.69695
0.40188,0.7337
0.43807,0.78281
0.46705,0.82208
0.49145,0.85403
0.52104,0.88831
0.53677,0.90577
0.56885,0.93654
0.59409,0.95736
0.61403,0.96971
0.65084,0.99571
0.67143,1.0022
0.69339,1.0069
0.71721,1.0101
0.73447,1.0035
0.75977,1.0018
0.7719,0.98367
0.80263,0.98106
0.8226,0.96464
0.84568,0.94837
0.85407,0.91457
0.87289,0.88845
0.87793,0.84595
0.9021,0.82011
0.92339,0.78908
0.93587,0.74708
0.94276,0.69753
0.95604,0.65258
0.95945,0.59618
0.97429,0.54982
0.98815,0.50132
0.99232,0.44218
1.0001,0.38591
0.98927,0.3106
1.0078,0.26437
0.99743,0.18925
1.0029,0.13018
1.012,0.075325
1.0086,0.0085623
1.0146,-0.047707
1.0026,-0.12072
1.0104,-0.17258
0.99789,-0.24291
1.0035,-0.29322
0.99382,-0.35659
0.98345,-0.41825
0.97421,-0.47613
0.97523,-0.5209
0.96097,-0.57788
0.95606,-0.62225
0.93269,-0.68163
0.92089,-0.72583
0.92052,-0.75482
0.90353,-0.7965
0.88055,-0.84008
0.86991,-0.86714
0.86327,-0.88589
0.83167,-0.92519
0.81194,-0.94814
0.7904,-0.96834
0.77325,-0.97955
0.76628,-0.97595
0.74804,-0.97896
0.72644,-0.98067
0.68645,-0.99612
0.66541,-0.98802
0.65185,-0.96786
0.62462,-0.95687
0.60163,-0.93721
0.57451,-0.91735
0.54691,-0.89374
0.52844,-0.8569
0.49451,-0.83157
0.4552,-0.8078
0.43294,-0.76335
0.40425,-0.72187
0.37834,-0.67433
0.3553,-0.62086
0.31771,-0.57909
0.29205,-0.52277
0.25019,-0.48026
0.22527,-0.41865
0.20293,-0.35257
0.17228,-0.29317
0.14353,-0.23049
0.098538,-0.18295
0.072562,-0.11556
0.040647,-0.053554
0.0079938,0.0079938
-0.026432,0.067769
-0.055398,0.13273
-0.08097,0.20052
-0.11342,0.2606
-0.13905,0.3264
-0.17872,0.37679
-0.20356,0.44036
-0.2407,0.48974
-0.26525,0.54957
-0.29676,0.60005
-0.32584,0.65032
-0.3523,0.70037
-0.38458,0.74153
-0.42025,0.77604
-0.45199,0.81101
-0.46691,0.85917
-0.50482,0.88053
-0.53535,0.90531
-0.55848,0.93338
-0.57822,0.96062
-0.60125,0.98024
-0.63297,0.98674
-0.65744,0.99598
-0.68389,0.99869
-0.70069,1.0064
-0.72709,0.99991
-0.73194,1.0103
-0.75601,0.99679
-0.78827,0.97046
-0.79285,0.96722
-0.80785,0.94901
-0.84284,0.90631
-0.84659,0.89046
-0.87419,0.84644
-0.87207,0.82795
-0.90453,0.77081
-0.90796,0.73876
-0.92275,0.69158
-0.9342,0.6441
-0.94119,0.59765
-0.95473,0.54139
-0.96699,0.48335
-0.96679,0.43491
-0.97025,0.38016
-0.97629,0.32041
-0.98784,0.25297
-0.9924,0.19055
-0.98392,0.13944
-0.98576,0.076538
-0.99259,0.0074091
-0.99674,-0.060023
-0.98897,-0.11628
-0.99462,-0.18644
-0.99091,-0.24748
-0.97858,-0.29991
-0.97934,-0.36517
-0.96238,-0.41224
-0.96856,-0.48173
-0.9501,-0.52564
-0.94841,-0.58514
-0.93842,-0.63496
-0.9144,-0.66917
-0.91053,-0.72175
-0.89214,-0.75782
-0.87439,-0.7924
-0.8658,-0.83382
-0.84384,-0.8594
-0.83214,-0.89264
-0.82301,-0.9257
-0.79481,-0.93685
-0.77702,-0.95545
-0.76998,-0.98175
-0.73445,-0.97645
-0.70935,-0.97841
-0.69475,-0.98764
-0.67342,-0.9869
-0.6505,-0.9813
-0.63613,-0.981
-0.60785,-0.96353
-0.58252,-0.94579
-0.54491,-0.91261
-0.52656,-0.89556
-0.49429,-0.86155
-0.47779,-0.84037
-0.45327,-0.80829
-0.40975,-0.75448
-0.37863,-0.71045
-0.35754,-0.67397
-0.33337,-0.63206
-0.29107,-0.56984
-0.27574,-0.53257
-0.2454,-0.47846
-0.21386,-0.4215
-0.1833,-0.36405
-0.13679,-0.28937
-0.11644,-0.23979
-0.077255,-0.17053
-0.050781,-0.11332
-0.028675,-0.060055
0.013139,0.013139
0.035012,0.066392
0.078936,0.14148
0.11402,0.2073
0.14322,0.26657
0.16985,0.32243
0.18873,0.36947
0.23608,0.44372
0.26132,0.49438
0.28489,0.54172
0.31021,0.58898
0.34582,0.64451
0.37397,0.69039
0.39852,0.73034
0.43142,0.77615
0.4698,0.82483
0.49548,0.85806
0.52478,0.89204
0.53807,0.90707
0.56426,0.93195
0.59644,0.95971
0.61384,0.96951
0.65603,1.0009
0.67813,1.0089
0.69769,1.0112
0.71701,1.0099
0.73821,1.0073
0.75858,1.0006
0.77331,0.98509
0.79706,0.97549
0.81998,0.96202
0.83238,0.93508
0.85841,0.91891
0.87849,0.89406
0.89242,0.86044
0.90433,0.82234
0.92091,0.78659
0.92889,0.7401
0.94002,0.69479
0.95043,0.64697
0.96692,0.60365
0.97865,0.55418
0.98827,0.50144
0.98427,0.43414
0.98545,0.37129
0.99508,0.31641
1.0098,0.26637
1.0119,0.20369
1.0088,0.1361
0.99997,0.063253
1.0064,0.0063522
1.006,-0.056308
1.0014,-0.12199
1.0082,-0.17478
1.0052,-0.23563
0.98817,-0.30853
0.98863,-0.36178
0.97865,-0.42305
0.98279,-0.46755
0.97998,-0.51614
0.96319,-0.57565
0.94335,-0.63496
0.93421,-0.68011
0.92563,-0.72109
0.9161,-0.75924
0.89424,-0.80578
0.88154,-0.83909
0.87577,-0.86128
0.84764,-0.90151
0.83037,-0.92649
0.82455,-0.93552
0.80554,-0.95319
0.78353,-0.96927
0.75525,-0.98697
0.73089,-0.99611
0.71572,-0.99138
0.70297,-0.97961
0.66443,-0.989
0.6381,-0.98161
0.62938,-0.95211
0.60726,-0.93158
0.56726,-0.9246
0.55149,-0.88916
0.5092,-0.87615
0.49302,-0.83306
0.45819,-0.80482
0.44495,-0.75134
0.4097,-0.71642
0.36912,-0.68356
0.34904,-0.62712
0.32337,-0.57343
0.28524,-0.52957
0.26209,-0.46835
0.2351,-0.40882
0.20243,-0.35307
0.15706,-0.3084
0.14013,-0.23389
0.10081,-0.18068
0.068091,-0.12003
0.045637,-0.048564
0.0024769,0.0024769
-0.020201,0.074001
-0.05552,0.1326
-0.076816,0.20467
-0.1173,0.25672
-0.13936,0.32609
-0.16911,0.38639
-0.19856,0.44536
-0.24249,0.48795
-0.26158,0.55324
-0.2913,0.6055
-0.32926,0.6469
-0.35152,0.70115
-0.39313,0.73299
-0.4109,0.7854
-0.4444,0.81861
-0.46363,0.86245
-0.50475,0.8806
-0.52907,0.91158
-0.54511,0.94675
-0.57368,0.96516
-0.60646,0.97503
-0.63726,0.98245
-0.64554,1.0079
-0.6701,1.0125
-0.70584,1.0013
-0.72661,1.0004
-0.75009,0.99213
-0.75096,1.0018
-0.78072,0.97801
-0.79588,0.9642
-0.81174,0.94512
-0.82997,0.91918
-0.84957,0.88748
-0.86653,0.8541
-0.87957,0.82045
-0.90102,0.77432
-0.90686,0.73986
-0.91433,0.69999
-0.92168,0.65663
-0.93248,0.60636
-0.95935,0.53677
-0.95886,0.49148
-0.97168,0.43002
-0.96932,0.38109
-0.98587,0.31084
-0.98108,0.25972
-0.98451,0.19843
-0.99355,0.12981
-0.98846,0.073833
-0.98098,0.019022
-0.98179,-0.045077
-0.9883,-0.11561
-0.98869,-0.18051
-0.98801,-0.24459
-0.96926,-0.29059
-0.96549,-0.35133
-0.97127,-0.42113
-0.95287,-0.46604
-0.95843,-0.53396
-0.93682,-0.57355
-0.93288,-0.62942
-0.91329,-0.66806
-0.91099,-0.7222
-0.89324,-0.75892
-0.87641,-0.79442
-0.86543,-0.83345
-0.85854,-0.87411
-0.83193,-0.89242
-0.8158,-0.91849
-0.80758,-0.94962
-0.7798,-0.95823
-0.75339,-0.96516
-0.74167,-0.98367
-0.70914,-0.9782
-0.68822,-0.98111
-0.67427,-0.98775
-0.65296,-0.98376
-0.63063,-0.97549
-0.60856,-0.96423
-0.58032,-0.9436
-0.56146,-0.92915
-0.51653,-0.88553
-0.49612,-0.86338
-0.47115,-0.83373
-0.43917,-0.79419
-0.40668,-0.75142
-0.38582,-0.71764
-0.36349,-0.67991
-0.32356,-0.62225
-0.30008,-0.57885
-0.26434,-0.52117
-0.23546,-0.46852
-0.21548,-0.42311
-0.17349,-0.35423
-0.14164,-0.29422
-0.1243,-0.24766
-0.086406,-0.17968
-0.056559,-0.1191
-0.02452,-0.0559
0.0031964,0.0031964
0.031699,0.063079
0.08056,0.1431
0.095975,0.18925
0.12784,0.2512
0.1738,0.32638
0.19829,0.37904
0.23356,0.44119
0.25336,0.48642
0.28834,0.54518
0.31804,0.59681
0.35312,0.65181
0.38139,0.69781
0.41438,0.7462
0.43779,0.78252
0.45837,0.8134
0.48304,0.84561
0.51243,0.8797
0.53873,0.90773
0.57718,0.94487
0.58818,0.95146
0.62816,0.98383
0.64315,0.98801
0.67696,1.0078
0.6981,1.0116
0.72394,1.0168
0.74708,1.0161
0.75244,0.99444
0.782,0.99378
0.80353,0.98195
0.81269,0.95473
0.83173,0.93442
0.84483,0.90533
0.87612,0.89168
0.88097,0.84899
0.89154,0.80955
0.91451,0.7802
0.92671,0.73793
0.93002,0.68479
0.94375,0.64029
0.96082,0.59755
0.96211,0.53765
0.97992,0.4931
0.97804,0.42791
0.9969,0.38274
0.99645,0.31778
1.011,0.26757
1.0049,0.19677
1.001,0.12835
1.0126,0.07588
1.0164,0.016439
1.0008,-0.061484
1.0026,-0.12075
1.0018,-0.18115
1.0047,-0.23613
1.0061,-0.29057
1.0006,-0.34982
0.98949,-0.41221
0.97009,-0.48025
0.97553,-0.52059
0.95549,-0.58335
0.95725,-0.62106
0.94582,-0.66851
0.9342,-0.71252
0.91332,-0.76202
0.8956,-0.80442
0.88178,-0.83885
0.88037,-0.85668
0.85476,-0.8944
0.83447,-0.92239
0.82138,-0.93869
0.79592,-0.96282
0.77885,-0.97395
0.76973,-0.97249
0.74855,-0.97845
0.71668,-0.99043
0.70082,-0.98175
0.67538,-0.97804
0.64788,-0.97184
0.61406,-0.96743
0.60424,-0.93461
0.56766,-0.9242
0.54906,-0.8916
0.52384,-0.86151
0.48954,-0.83654
0.47172,-0.79129
0.43377,-0.76253
0.40295,-0.72317
0.37727,-0.6754
0.34632,-0.62984
0.31436,-0.58244
0.28532,-0.5295
0.25653,-0.47392
0.23384,-0.41008
0.19079,-0.36472
0.15801,-0.30745
0.12828,-0.24574
0.10071,-0.18078
0.080762,-0.10736
0.05039,-0.043811
0.0044059,0.0044059
-0.021163,0.073038
-0.047576,0.14055
-0.092142,0.18935
-0.10593,0.26809
-0.15525,0.3102
-0.18141,0.3741
-0.21136,0.43257
-0.23442,0.49602
-0.26778,0.54704
-0.3065,0.5903
-0.33421,0.64195
-0.35793,0.69474
-0.37798,0.74814
-0.41928,0.77702
-0.44458,0.81843
-0.46493,0.86115
-0.5066,0.87875
-0.52136,0.91929
-0.55136,0.9405
-0.58272,0.95613
-0.61085,0.97064
-0.62045,0.99926
-0.65208,1.0013
-0.66964,1.0129
-0.70397,1.0031
-0.72129,1.0057
-0.74257,0.99966
-0.76,0.9928
-0.78586,0.97287
-0.80405,0.95603
-0.81663,0.94023
-0.82773,0.92142
-0.85091,0.88614
-0.87355,0.84709
-0.87784,0.82218
-0.89467,0.78067
-0.91189,0.73484
-0.91353,0.70079
-0.93915,0.63915
-0.93934,0.5995
-0.9568,0.53932
-0.96615,0.48418
-0.96779,0.4339
-0.97038,0.38003
-0.97633,0.32038
-0.98434,0.25646
-0.98281,0.20013
-0.98309,0.14027
-0.98296,0.079338
-0.98007,0.01993
-0.98486,-0.048142
-0.98938,-0.11669
-0.97643,-0.16825
-0.98695,-0.24352
-0.97905,-0.30038
-0.97479,-0.36063
-0.96971,-0.41957
-0.96208,-0.47525
-0.94046,-0.516
-0.93279,-0.56951
-0.92732,-0.62386
-0.92009,-0.67486
-0.89987,-0.71109
-0.89174,-0.75742
-0.88591,-0.80392
-0.86355,-0.83158
-0.84792,-0.86348
-0.83656,-0.89706
-0.8136,-0.9163
-0.80598,-0.94802
-0.77099,-0.94942
-0.75805,-0.96982
-0.7351,-0.97711
-0.72232,-0.99138
-0.70218,-0.99507
-0.67063,-0.98411
-0.6471,-0.97791
-0.62417,-0.96903
-0.59685,-0.95253
-0.57145,-0.93472
-0.55159,-0.91929
-0.51953,-0.88853
-0.4974,-0.86467
-0.47925,-0.84182
-0.44266,-0.79769
-0.40876,-0.75349
-0.38982,-0.72164
-0.35215,-0.66857
-0.32063,-0.61931
-0.30813,-0.5869
-0.27104,-0.52787
-0.24655,-0.47961
-0.21096,-0.4186
-0.17505,-0.35579
-0.14078,-0.29336
-0.12262,-0.24598
-0.091135,-0.18441
-0.058806,-0.12135
-0.014848,-0.046227
0.0012506,0.0012506
0.033851,0.065231
0.06898,0.13152
0.11372,0.207
0.14405,0.26741
0.15818,0.31076
0.20229,0.38303
0.23243,0.44007
0.26553,0.49859
0.28221,0.53905
0.32761,0.60638
0.35605,0.65474
0.37698,0.69341
0.40387,0.73569
0.44061,0.78534
0.46337,0.81839
0.49644,0.85901
0.51586,0.88312
0.54336,0.91236
0.57217,0.93987
0.5991,0.96237
0.61525,0.97092
0.65693,1.0018
0.67465,1.0054
0.70135,1.0148
0.71719,1.0101
0.74078,1.0098
0.7572,0.99921
0.78635,0.99813
0.80927,0.9877
0.82552,0.96756
0.83655,0.93924
0.86055,0.92105
0.86456,0.88013
0.88174,0.84976
0.90736,0.82537
0.91271,0.7784
0.91897,0.73019
0.93137,0.68614
0.95991,0.65646
0.95998,0.59671
0.96295,0.53849
0.97316,0.48633
0.9864,0.43626
0.98431,0.37015
0.9908,0.31213
0.99563,0.25221
1.0023,0.1941
1.0134,0.14068
1.0187,0.08203
1.0115,0.011541
1.0154,-0.046932
0.99916,-0.1242
0.9982,-0.18474
1.0061,-0.23468
0.99915,-0.29755
0.99217,-0.35824
0.9818,-0.4199
0.97565,-0.47469
0.96373,-0.53239
0.96534,-0.5735
0.94374,-0.63457
0.94393,-0.67039
0.92396,-0.72277
0.90659,-0.76875
0.90366,-0.79636
0.89211,-0.82852
0.87817,-0.85888
0.85938,-0.88977
0.83926,-0.91759
0.82352,-0.93656
0.80657,-0.95217
0.77913,-0.97367
0.75719,-0.98504
0.74525,-0.98175
0.70859,-0.99852
0.6868,-0.99577
0.67824,-0.97518
0.65604,-0.96367
0.62984,-0.95165
0.59256,-0.94628
0.56903,-0.92283
0.54437,-0.89628
0.52261,-0.86274
0.48768,-0.8384
0.47162,-0.79139
0.43907,-0.75722
0.40223,-0.72389
0.37664,-0.67603
0.34604,-0.63012
0.31593,-0.58088
0.27942,-0.5354
0.2684,-0.46204
0.22575,-0.41817
0.18815,-0.36735
0.17614,-0.28931
0.13155,-0.24248
0.1035,-0.17799
0.080705,-0.10742
0.045499,-0.048702
5.3345e-05,5.3345e-05
-0.025159,0.069043
-0.04719,0.14093
-0.089615,0.19187
-0.12447,0.24955
-0.1431,0.32236
-0.18562,0.36989
-0.21316,0.43077
-0.22998,0.50047
-0.277,0.53782
-0.30623,0.59057
-0.33694,0.63922
-0.35878,0.69389
-0.37753,0.74858
-0.41116,0.78513
-0.44434,0.81867
-0.46748,0.8586
-0.503,0.88235
-0.53204,0.90861
-0.54835,0.94351
-0.57237,0.96647
-0.60397,0.97752
-0.62257,0.99715
-0.64855,1.0049
-0.66957,1.013
-0.70598,1.0011
-0.7132,1.0138
-0.74466,0.99757
-0.75622,0.99658
-0.78594,0.9728
-0.79379,0.96628
-0.81165,0.94521
-0.83457,0.91459
-0.8525,0.88455
-0.85798,0.86265
-0.87672,0.82331
-0.904,0.77134
-0.91429,0.73243
-0.92157,0.69276
-0.93663,0.64168
-0.94833,0.59051
-0.95562,0.5405
-0.95612,0.49422
-0.96193,0.43976
-0.97787,0.37254
-0.97408,0.32263
-0.98316,0.25765
-0.98589,0.19706
-0.98759,0.13577
-0.99182,0.070474
-0.99519,0.0048091
-0.99078,-0.054062
-0.98708,-0.11439
-0.99156,-0.18338
-0.98622,-0.24279
-0.97037,-0.2917
-0.9769,-0.36274
-0.96367,-0.41353
-0.95675,-0.46992
-0.94201,-0.51755
-0.95004,-0.58677
-0.93955,-0.63609
-0.91993,-0.67471
-0.91712,-0.72833
-0.89784,-0.76353
-0.89049,-0.8085
-0.8654,-0.83342
-0.84576,-0.86132
-0.84008,-0.90058
-0.81444,-0.91713
-0.79272,-0.93476
-0.77428,-0.95271
-0.75605,-0.96782
-0.73595,-0.97796
-0.70945,-0.9785
-0.68786,-0.98076
-0.68351,-0.99699
-0.65354,-0.98434
-0.62911,-0.97398
-0.60132,-0.95699
-0.58165,-0.94492
-0.56092,-0.92861
-0.53151,-0.90051
-0.49205,-0.85931
-0.48085,-0.84343
-0.45307,-0.8081
-0.41667,-0.7614
-0.3861,-0.71792
-0.35368,-0.6701
-0.32574,-0.62443
-0.30615,-0.58492
-0.26146,-0.5183
-0.23851,-0.47157
-0.20177,-0.40941
-0.18652,-0.36726
-0.1417,-0.29428
-0.11589,-0.23925
-0.078657,-0.17193
-0.048261,-0.1108
-0.025895,-0.057275
0.00051503,0.00051503
0.033899,0.065278
0.072454,0.135
0.10783,0.20111
0.14079,0.26414
0.16086,0.31344
0.19155,0.3723
0.22364,0.43128
0.26856,0.50163
0.28074,0.53757
0.31568,0.59445
0.35453,0.65321
0.36924,0.68566
0.4036,0.73543
0.44057,0.78531
0.47193,0.82696
0.49407,0.85664
0.51504,0.88231
0.55329,0.92229
0.58155,0.94925
0.60247,0.96574
0.63223,0.9879
0.65471,0.99957
0.67289,1.0037
0.68612,0.99959
0.71798,1.0109
0.7312,1.0003
0.76845,1.0105
0.77068,0.98245
0.79434,0.97277
0.82113,0.96317
0.84081,0.94351
0.86403,0.92452
0.87005,0.88561
0.88533,0.85336
0.89133,0.80934
0.92081,0.7865
0.92023,0.73144
0.93848,0.69325
0.94454,0.64108
0.96208,0.59881
0.9769,0.55243
0.98139,0.49457
0.97739,0.42725
0.98808,0.37392
1.0018,0.32314
1.0101,0.26664
1.0092,0.20102
1.0121,0.13942
1.0092,0.072435
1.0125,0.012482
1.005,-0.05733
1.0004,-0.12294
1.0152,-0.16777
0.99255,-0.24825
1.0032,-0.29353
0.98836,-0.36205
0.98498,-0.41672
0.97468,-0.47565
0.96348,-0.53264
0.97075,-0.56809
0.95174,-0.62656
0.94315,-0.67118
0.9375,-0.70923
0.92221,-0.75313
0.90374,-0.79628
0.88499,-0.83564
0.87009,-0.86696
0.85239,-0.89677
0.84074,-0.91611
0.82828,-0.9318
0.79248,-0.96626
0.77714,-0.97566
0.76274,-0.97949
0.74887,-0.97813
0.72548,-0.98162
0.69954,-0.98304
0.6667,-0.98673
0.64857,-0.97114
0.61614,-0.96535
0.59273,-0.94611
0.57943,-0.91243
0.55518,-0.88548
0.5264,-0.85895
0.49288,-0.8332
0.45594,-0.80707
0.43159,-0.7647
0.41421,-0.71191
0.37561,-0.67706
0.35219,-0.62397
0.32534,-0.57146
0.28262,-0.53219
0.25035,-0.48009
0.221,-0.42292
0.19116,-0.36434
0.15953,-0.30592
0.13273,-0.2413
0.11017,-0.17132
0.081593,-0.10653
0.045132,-0.04907
0.0040893,0.0040893
-0.022137,0.072065
-0.056283,0.13184
-0.092681,0.18881
-0.11557,0.25845
-0.15284,0.31261
-0.17464,0.38087
-0.21375,0.43017
-0.23783,0.49262
-0.27155,0.54326
-0.29472,0.60208
-0.32044,0.65572
-0.35914,0.69353
-0.39142,0.7347
-0.4177,0.7786
-0.4477,0.81531
-0.46785,0.85823
-0.4937,0.89164
-0.53461,0.90604
-0.55242,0.93944
-0.58409,0.95476
-0.59481,0.98668
-0.6269,0.99281
-0.64674,1.0067
-0.66845,1.0141
-0.69289,1.0142
-0.72629,1.0007
-0.74102,1.0012
-0.76939,0.98341
-0.78556,0.97317
-0.80743,0.95264
-0.81244,0.94442
-0.82875,0.92041
-0.85561,0.88144
-0.87062,0.85001
-0.87943,0.82059
-0.89227,0.78307
-0.91769,0.72904
-0.91754,0.69678
-0.93503,0.64328
-0.9351,0.60374
-0.94212,0.554
-0.96036,0.48997
-0.95665,0.44504
-0.96368,0.38673
-0.96937,0.32733
-0.98082,0.25999
-0.99195,0.191
-0.98325,0.14011
-0.99007,0.072223
-0.99145,0.0085464
-0.98701,-0.050292
-0.99788,-0.12519
-0.98894,-0.18076
-0.97951,-0.23609
-0.97111,-0.29244
-0.97818,-0.36402
-0.96352,-0.41338
-0.9579,-0.47107
-0.9411,-0.51663
-0.93427,-0.571
-0.93585,-0.6324
-0.92226,-0.67703
-0.90644,-0.71765
-0.89199,-0.75768
-0.87239,-0.7904
-0.87375,-0.84177
-0.8503,-0.86587
-0.8356,-0.89609
-0.82112,-0.92382
-0.80293,-0.94497
-0.77912,-0.95755
-0.75544,-0.96722
-0.73144,-0.97344
-0.72197,-0.99103
-0.6876,-0.98049
-0.67573,-0.98921
-0.64506,-0.97586
-0.63329,-0.97815
-0.60354,-0.95922
-0.58186,-0.94514
-0.55871,-0.9264
-0.53019,-0.89919
-0.50817,-0.87543
-0.47821,-0.84078
-0.44261,-0.79764
-0.41924,-0.76398
-0.39616,-0.72798
-0.35953,-0.67595
-0.32317,-0.62186
-0.30383,-0.5826
-0.27389,-0.53073
-0.23671,-0.46977
-0.21809,-0.42573
-0.18612,-0.36686
-0.148,-0.30058
-0.1111,-0.23446
-0.081316,-0.17459
-0.062085,-0.12463
-0.012776,-0.044156
0.012118,0.012118
0.046916,0.078296
0.066506,0.12905
0.095111,0.18838
0.13112,0.25448
0.17085,0.32344
0.20075,0.38149
0.22974,0.43738
0.25375,0.48681
0.2821,0.53893
0.31486,0.59363
0.34057,0.63925
0.38361,0.70003
0.41379,0.74561
0.43945,0.78418
0.47216,0.82719
0.48206,0.84464
0.5112,0.87846
0.54685,0.91585
0.57601,0.9437
0.59865,0.96193
0.63137,0.98704
0.64717,0.99203
0.67711,1.0079
0.69108,1.0046
0.71094,1.0038
0.73278,1.0018
0.76826,1.0103
0.77254,0.98432
0.79656,0.97499
0.82782,0.96986
0.83304,0.93573
0.8641,0.9246
0.87958,0.89514
0.8884,0.85642
0.89778,0.81579
0.90839,0.77408
0.92335,0.73457
0.93106,0.68583
0.95332,0.64987
0.96306,0.59979
0.97221,0.54775
0.98191,0.49508
0.9823,0.43217
0.99003,0.37586
0.9982,0.31953
1.0085,0.26503
0.9981,0.18992
1.0013,0.12865
1.0063,0.069584
1.0046,0.004565
1.0132,-0.049079
1.0105,-0.11286
1.006,-0.17698
0.99352,-0.24728
0.9941,-0.3026
0.99658,-0.35383
0.98341,-0.41828
0.97138,-0.47895
0.97762,-0.51851
0.9526,-0.58624
0.94183,-0.63648
0.93117,-0.68316
0.93632,-0.7104
0.90824,-0.7671
0.90401,-0.79602
0.89572,-0.82491
0.86509,-0.87196
0.84439,-0.90476
0.83893,-0.91793
0.81883,-0.94124
0.79792,-0.96081
0.7894,-0.9634
0.76139,-0.98083
0.74089,-0.98611
0.70908,-0.99803
0.68907,-0.9935
0.675,-0.97842
0.64554,-0.97417
0.61326,-0.96823
0.59011,-0.94873
0.56865,-0.92321
0.54637,-0.89429
0.5274,-0.85795
0.49383,-0.83226
0.46781,-0.7952
0.43774,-0.75855
0.41564,-0.71048
0.37036,-0.68231
0.35642,-0.61974
0.31745,-0.57936
0.29081,-0.52401
0.26267,-0.46778
0.23537,-0.40855
0.20078,-0.35472
0.15776,-0.30769
0.13152,-0.2425
0.11198,-0.16951
0.078861,-0.10926
0.03429,-0.059911
0.01437,0.01437
-0.021656,0.072545
-0.046614,0.14151
-0.077693,0.2038
-0.12133,0.25269
-0.15435,0.3111
-0.18567,0.36983
-0.2014,0.44252
-0.23778,0.49266
-0.27319,0.54163
-0.29536,0.60144
-0.33497,0.6412
-0.36803,0.68465
-0.38205,0.74407
-0.41159,0.78471
-0.45217,0.81084
-0.4707,0.85538
-0.4912,0.89415
-0.5195,0.92116
-0.54802,0.94384
-0.56867,0.97017
-0.59474,0.98675
-0.62409,0.99563
-0.65157,1.0019
-0.67769,1.0049
-0.70467,1.0024
-0.71416,1.0128
-0.74955,0.99267
-0.75974,0.99306
-0.77295,0.98579
-0.79909,0.96099
-0.81243,0.94443
-0.83109,0.91806
-0.84892,0.88813
-0.87369,0.84694
-0.87453,0.82549
-0.9029,0.77244
-0.90206,0.74467
-0.91369,0.70064
-0.9284,0.6499
-0.9333,0.60554
-0.95143,0.54469
-0.96775,0.48258
-0.97079,0.43091
-0.97684,0.37357
-0.97578,0.32092
-0.98823,0.25257
-0.99077,0.19217
-0.98195,0.14141
-0.99897,0.063328
-0.98594,0.014063
-0.98331,-0.046593
-0.989,-0.1163
-0.99028,-0.18209
-0.97935,-0.23593
-0.9702,-0.29153
-0.96705,-0.35289
-0.96491,-0.41477
-0.95124,-0.46441
-0.95308,-0.52861
-0.93183,-0.56855
-0.93197,-0.62851
-0.9197,-0.67447
-0.91223,-0.72345
-0.8938,-0.75949
-0.88412,-0.80213
-0.87387,-0.84189
-0.85166,-0.86722
-0.83443,-0.89493
-0.81844,-0.92113
-0.80453,-0.94657
-0.78064,-0.95907
-0.76175,-0.97352
-0.74509,-0.98709
-0.7118,-0.98086
-0.69472,-0.98761
-0.66593,-0.97941
-0.65294,-0.98374
-0.63621,-0.98108
-0.6048,-0.96048
-0.5847,-0.94797
-0.54235,-0.91005
-0.52225,-0.89125
-0.49078,-0.85804
-0.47071,-0.83328
-0.44558,-0.80061
-0.4253,-0.77003
-0.38809,-0.71991
-0.36031,-0.67673
-0.3221,-0.62079
-0.29289,-0.57165
-0.26207,-0.51891
-0.24297,-0.47604
-0.20385,-0.41149
-0.1702,-0.35094
-0.15096,-0.30354
-0.11663,-0.23998
-0.09018,-0.18345
-0.052849,-0.11539
-0.012301,-0.043681
0.0091439,0.0091439
0.050041,0.081421
0.064413,0.12696
0.11244,0.20571
0.12592,0.24928
0.16216,0.31474
0.20243,0.38318
0.21916,0.42679
0.25706,0.49012
0.28588,0.54272
0.32004,0.59881
0.35725,0.65593
0.38154,0.69796
0.41313,0.74495
0.44102,0.78575
0.46666,0.82169
0.48348,0.84606
0.52728,0.89454
0.55349,0.92249
0.56686,0.93455
0.5889,0.95217
0.61696,0.97263
0.65581,1.0007
0.6621,0.9929
0.6894,1.0029
0.7193,1.0122
0.74631,1.0154
0.75872,1.0007
0.77843,0.99021
0.80833,0.98676
0.8285,0.97054
0.83935,0.94204
0.85516,0.91566
0.87623,0.89179
0.88088,0.8489
0.90964,0.82765
0.92274,0.78842
0.92879,0.74
0.93245,0.68722
0.94178,0.63832
0.95809,0.59482
0.96963,0.54516
0.98157,0.49474
0.98807,0.43793
1.0007,0.38649
1,0.32133
1.0069,0.26345
1.0007,0.19249
1.0002,0.12753
1.0124,0.075692
1.0078,0.0078301
1.0085,-0.053777
1.0131,-0.11027
1.0032,-0.17977
1.0054,-0.23544
0.99867,-0.29803
0.98841,-0.362
0.99402,-0.40768
0.97333,-0.47701
0.97883,-0.5173
0.96633,-0.57251
0.9465,-0.6318
0.94137,-0.67295
0.92865,-0.71807
0.90746,-0.76788
0.89491,-0.80511
0.87692,-0.84371
0.87973,-0.85732
0.86065,-0.88851
0.84656,-0.9103
0.82512,-0.93495
0.81003,-0.94871
0.78698,-0.96582
0.76479,-0.97744
0.74313,-0.98386
0.72192,-0.98519
0.68585,-0.99673
0.67234,-0.98109
0.65516,-0.96456
0.61537,-0.96612
0.6043,-0.93454
0.58164,-0.91022
0.53877,-0.90189
0.51829,-0.86706
0.48923,-0.83685
0.47038,-0.79263
0.43656,-0.75973
0.40327,-0.72285
0.38417,-0.6685
0.34573,-0.63043
0.3132,-0.58361
0.29615,-0.51867
0.25623,-0.47421
0.23423,-0.40969
0.20693,-0.34857
0.16111,-0.30434
0.14075,-0.23328
0.11022,-0.17127
0.073505,-0.11462
0.046618,-0.047584
0.0029696,0.0029696
-0.030204,0.063997
-0.058059,0.13006
-0.08998,0.19151
-0.11307,0.26095
-0.13777,0.32768
-0.1761,0.3794
-0.2026,0.44132
-0.24472,0.48572
-0.26655,0.54827
-0.29419,0.60261
-0.32874,0.64742
-0.3666,0.68607
-0.39281,0.7333
-0.42517,0.77113
-0.4394,0.82361
-0.48106,0.84502
-0.50011,0.88524
-0.52194,0.91871
-0.55987,0.93199
-0.58439,0.95445
-0.61178,0.96971
-0.63403,0.98568
-0.6607,0.99272
-0.67109,1.0115
-0.69697,1.0101
-0.72312,1.0039
-0.74208,1.0001
-0.76627,0.98653
-0.7829,0.97584
-0.79674,0.96334
-0.81255,0.9443
-0.83389,0.91526
-0.84678,0.89026
-0.8581,0.86254
-0.88103,0.81899
-0.89953,0.77581
-0.90025,0.74647
-0.92182,0.6925
-0.92969,0.64862
-0.93249,0.60635
-0.94659,0.54953
-0.967,0.48334
-0.96117,0.44052
-0.97001,0.3804
-0.97875,0.31796
-0.97434,0.26647
-0.99408,0.18886
-0.997,0.12636
-0.99112,0.071176
-0.99026,0.0097387
-0.99759,-0.060874
-0.98911,-0.11642
-0.9757,-0.16752
-0.97932,-0.2359
-0.9736,-0.29493
-0.96676,-0.3526
-0.96359,-0.41345
-0.95629,-0.46946
-0.94511,-0.52064
-0.93419,-0.57092
-0.92244,-0.61899
-0.92606,-0.68083
-0.91278,-0.72399
-0.89506,-0.76074
-0.87708,-0.7951
-0.85991,-0.82794
-0.84322,-0.85879
-0.84085,-0.90135
-0.81653,-0.91923
-0.79236,-0.9344
-0.77583,-0.95426
-0.76246,-0.97423
-0.74167,-0.98367
-0.72406,-0.99312
-0.68745,-0.98035
-0.67558,-0.98906
-0.65716,-0.98796
-0.63547,-0.98033
-0.60166,-0.95734
-0.58028,-0.94355
-0.55521,-0.9229
-0.53372,-0.90272
-0.49508,-0.86235
-0.46883,-0.8314
-0.44925,-0.80428
-0.41308,-0.75781
-0.38549,-0.71731
-0.35501,-0.67143
-0.32952,-0.62821
-0.30577,-0.58453
-0.26608,-0.52292
-0.22941,-0.46248
-0.2074,-0.41504
-0.18662,-0.36736
-0.15301,-0.30559
-0.11806,-0.24141
-0.07845,-0.17172
-0.052119,-0.11466
-0.014166,-0.045546
0.015554,0.015554
0.050285,0.081665
0.067263,0.12981
0.0943,0.18757
0.12603,0.24939
0.17188,0.32446
0.19436,0.3751
0.22466,0.4323
0.25717,0.49023
0.28903,0.54587
0.3157,0.59446
0.35243,0.65112
0.37142,0.68784
0.40747,0.73929
0.43971,0.78445
0.45657,0.81159
0.50141,0.86398
0.51832,0.88559
0.55096,0.91996
0.56565,0.93335
0.59749,0.96076
0.61443,0.9701
0.64949,0.99435
0.68067,1.0115
0.70295,1.0164
0.70798,1.0009
0.73481,1.0039
0.75893,1.0009
0.78344,0.99521
0.80454,0.98297
0.82676,0.9688
0.82805,0.93075
0.85403,0.91453
0.87469,0.89025
0.88421,0.85223
0.9054,0.82341
0.91765,0.78333
0.91876,0.72998
0.93937,0.69414
0.95044,0.64698
0.95211,0.58884
0.97327,0.5488
0.98021,0.49338
0.9924,0.44226
0.99001,0.37584
0.98796,0.30928
1.0113,0.26789
1.0106,0.20239
1.0119,0.13922
1.0049,0.068173
1.0092,0.0091598
1.0111,-0.05121
1.0121,-0.11129
1.0068,-0.1761
1.0014,-0.23939
1.0057,-0.291
0.98915,-0.36126
0.98667,-0.41503
0.98576,-0.46458
0.96537,-0.53075
0.96776,-0.57108
0.94676,-0.63154
0.9309,-0.68342
0.93358,-0.71314
0.91722,-0.75812
0.90566,-0.79436
0.87767,-0.84297
0.87132,-0.86573
0.84552,-0.90363
0.83829,-0.91857
0.82609,-0.93398
0.7999,-0.95883
0.77664,-0.97616
0.75675,-0.98548
0.73112,-0.99588
0.72042,-0.98669
0.68818,-0.99439
0.66804,-0.98539
0.64445,-0.97526
0.62354,-0.95795
0.59724,-0.9416
0.57837,-0.91349
0.54949,-0.89116
0.52292,-0.86243
0.49469,-0.83139
0.45903,-0.80398
0.44487,-0.75142
0.40519,-0.72093
0.37053,-0.68214
0.34341,-0.63275
0.32571,-0.57109
0.29076,-0.52406
0.2592,-0.47125
0.23805,-0.40587
0.19511,-0.36039
0.15981,-0.30564
0.14026,-0.23376
0.11283,-0.16866
0.063383,-0.12474
0.049853,-0.044349
0.007018,0.007018
-0.013247,0.080954
-0.054832,0.13329
-0.078709,0.20278
-0.12152,0.2525
-0.15453,0.31092
-0.17076,0.38475
-0.2139,0.43002
-0.22905,0.50139
-0.26798,0.54684
-0.30303,0.59377
-0.32965,0.64651
-0.34829,0.70438
-0.37774,0.74838
-0.40917,0.78712
-0.44099,0.82202
-0.46987,0.85621
-0.48983,0.89552
-0.53206,0.9086
-0.56208,0.92978
-0.57313,0.96571
-0.60254,0.97895
-0.61881,1.0009
-0.64872,1.0047
-0.67732,1.0053
-0.70413,1.003
-0.71662,1.0104
-0.73484,1.0074
-0.75457,0.99823
-0.7852,0.97353
-0.80378,0.95629
-0.81196,0.9449
-0.84336,0.90579
-0.84765,0.8894
-0.87153,0.84911
-0.88582,0.81421
-0.89469,0.78065
-0.90331,0.74342
-0.92551,0.68882
-0.93493,0.64338
-0.94517,0.59368
-0.95379,0.54233
-0.95242,0.49792
-0.96023,0.44147
-0.96586,0.38456
-0.97164,0.32507
-0.97524,0.26557
-0.98704,0.1959
-0.98677,0.13659
-0.99219,0.070105
-0.98734,0.012662
-0.99417,-0.057453
-0.97968,-0.10699
-0.98904,-0.18086
-0.97348,-0.23006
-0.97609,-0.29742
-0.96437,-0.35021
-0.967,-0.41686
-0.96585,-0.47902
-0.95378,-0.52931
-0.93361,-0.57034
-0.93886,-0.63541
-0.9198,-0.67457
-0.91094,-0.72215
-0.88861,-0.7543
-0.88142,-0.79943
-0.85702,-0.82504
-0.84078,-0.85634
-0.8376,-0.8981
-0.81381,-0.91651
-0.79894,-0.94098
-0.78439,-0.96282
-0.7518,-0.96357
-0.74682,-0.98882
-0.71496,-0.98402
-0.70623,-0.99912
-0.66692,-0.9804
-0.64901,-0.97981
-0.63274,-0.9776
-0.60754,-0.96322
-0.57423,-0.9375
-0.54803,-0.91572
-0.52497,-0.89397
-0.49841,-0.86568
-0.46255,-0.82512
-0.44892,-0.80394
-0.42383,-0.76856
-0.39263,-0.72445
-0.35215,-0.66857
-0.33574,-0.63443
-0.29283,-0.57159
-0.27878,-0.53562
-0.24375,-0.47681
-0.2144,-0.42204
-0.17965,-0.3604
-0.14336,-0.29594
-0.10843,-0.23178
-0.087077,-0.18035
-0.043747,-0.10629
-0.015106,-0.046486
0.0072715,0.0072715
0.041992,0.073372
0.078925,0.14147
0.099031,0.1923
0.14052,0.26387
0.16375,0.31633
0.20597,0.38671
0.22434,0.43197
0.26058,0.49364
0.2948,0.55164
0.32598,0.60475
0.33926,0.63794
0.37819,0.69461
0.41668,0.7485
0.42898,0.77371
0.4675,0.82253
0.48873,0.8513
0.51227,0.87954
0.54814,0.91714
0.57433,0.94202
0.58813,0.9514
0.62427,0.97995
0.64141,0.98627
0.6791,1.0099
0.70037,1.0139
0.7252,1.0181
0.74296,1.012
0.75417,0.99618
0.77785,0.98962
0.80843,0.98686
0.82157,0.9636
0.84176,0.94446
0.8579,0.9184
0.87674,0.8923
0.87718,0.8452
0.89832,0.81633
0.9229,0.78859
0.93497,0.74618
0.94668,0.70145
0.94484,0.64139
0.95203,0.58876
0.96037,0.5359
0.9714,0.48457
0.97762,0.42748
0.99159,0.37743
0.99829,0.31962
1.0008,0.2574
1.0015,0.19333
0.9996,0.12691
1.0156,0.078928
1.0136,0.013612
1.0114,-0.050877
1.0102,-0.11318
1.0071,-0.17584
1.0064,-0.23438
0.98981,-0.30689
1.0016,-0.34884
0.98016,-0.42154
0.98117,-0.46917
0.96319,-0.53293
0.9614,-0.57744
0.95152,-0.62678
0.94153,-0.6728
0.93286,-0.71386
0.91376,-0.76158
0.89317,-0.80686
0.87836,-0.84227
0.87329,-0.86376
0.85012,-0.89903
0.84301,-0.91385
0.81775,-0.94233
0.8005,-0.95824
0.78425,-0.96855
0.7626,-0.97963
0.73345,-0.99355
0.72003,-0.98707
0.68618,-0.99639
0.67564,-0.97778
0.64289,-0.97682
0.63157,-0.94992
0.60114,-0.9377
0.57304,-0.91882
0.55483,-0.88582
0.51804,-0.86731
0.49428,-0.8318
0.46289,-0.80012
0.43721,-0.75908
0.40958,-0.71654
0.3852,-0.66747
0.34167,-0.63449
0.31954,-0.57727
0.28591,-0.52891
0.26297,-0.46747
0.21959,-0.42434
0.19041,-0.3651
0.17009,-0.29536
0.13569,-0.23833
0.094321,-0.18717
0.07406,-0.11406
0.039639,-0.054562
0.014883,0.014883
-0.016473,0.077729
-0.060407,0.12772
-0.077917,0.20357
-0.11366,0.26037
-0.14674,0.31871
-0.18545,0.37005
-0.20041,0.44352
-0.24136,0.48908
-0.26932,0.5455
-0.291,0.6058
-0.32763,0.64853
-0.36361,0.68907
-0.38566,0.74045
-0.42182,0.77448
-0.44131,0.82169
-0.47576,0.85032
-0.50763,0.87771
-0.53052,0.91013
-0.55514,0.93672
-0.57134,0.9675
-0.60664,0.97485
-0.62305,0.99666
-0.64941,1.004
-0.66751,1.0151
-0.70501,1.0021
-0.71926,1.0077
-0.73681,1.0054
-0.76838,0.98442
-0.7825,0.97624
-0.80004,0.96003
-0.81231,0.94455
-0.82776,0.92139
-0.84557,0.89148
-0.87494,0.84569
-0.87352,0.8265
-0.90258,0.77276
-0.90112,0.7456
-0.92183,0.69249
-0.92322,0.65509
-0.93331,0.60553
-0.95469,0.54143
-0.96154,0.4888
-0.96878,0.43291
-0.97194,0.37847
-0.97324,0.32346
-0.98525,0.25555
-0.98682,0.19612
-0.99312,0.13024
-0.98588,0.076419
-0.99405,0.0059476
-0.99445,-0.057732
-0.98846,-0.11576
-0.9895,-0.18132
-0.97882,-0.23539
-0.98531,-0.30664
-0.9625,-0.34834
-0.95714,-0.407
-0.96227,-0.47544
-0.94984,-0.52538
-0.94993,-0.58666
-0.93412,-0.63066
-0.92743,-0.6822
-0.90396,-0.71517
-0.9005,-0.76619
-0.8789,-0.79691
-0.86003,-0.82805
-0.85588,-0.87145
-0.83301,-0.89351
-0.81941,-0.9221
-0.79369,-0.93573
-0.78073,-0.95916
-0.76848,-0.98026
-0.7425,-0.98451
-0.71998,-0.98904
-0.69555,-0.98844
-0.66545,-0.97893
-0.65175,-0.98255
-0.62915,-0.97401
-0.5946,-0.95027
-0.5844,-0.94767
-0.5615,-0.9292
-0.52504,-0.89404
-0.4936,-0.86087
-0.46583,-0.82841
-0.44881,-0.80384
-0.42578,-0.77051
-0.39403,-0.72585
-0.36104,-0.67746
-0.31917,-0.61786
-0.29038,-0.56915
-0.27402,-0.53086
-0.2331,-0.46616
-0.20161,-0.40925
-0.17272,-0.35346
-0.14389,-0.29647
-0.12289,-0.24625
-0.083313,-0.17659
-0.043481,-0.10602
-0.026169,-0.057549
0.00018713,0.00018713
0.033033,0.064413
0.070152,0.13269
0.10782,0.2011
0.13239,0.25574
0.15882,0.31141
0.19214,0.37288
0.22171,0.42934
0.25124,0.48431
0.28562,0.54245
0.31419,0.59295
0.34467,0.64336
0.37368,0.6901
0.4144,0.74622
0.44189,0.78662
0.46142,0.81645
0.49671,0.85928
0.51065,0.87791
0.55334,0.92234
0.57206,0.93976
0.60445,0.96772
0.61452,0.97019
0.64418,0.98905
0.66223,0.99303
0.702,1.0155
0.71467,1.0076
0.73314,1.0022
0.75673,0.99874
0.78512,0.99689
0.799,0.97743
0.82007,0.9621
0.84178,0.94447
0.8477,0.90819
0.86537,0.88094
0.89244,0.86046
0.90129,0.8193
0.91561,0.7813
0.92801,0.73922
0.94719,0.70196
0.95735,0.6539
0.96943,0.60616
0.9634,0.53893
0.9697,0.48287
0.98048,0.43034
0.9949,0.38074
1.0076,0.32893
1.0037,0.26025
1.0011,0.1929
1.0087,0.13602
1.012,0.0753
1.0177,0.017692
1.0162,-0.046052
1.0107,-0.11263
1.0121,-0.17089
1.0021,-0.23868
1.0028,-0.29392
0.99671,-0.3537
0.97649,-0.4252
0.97588,-0.47446
0.96932,-0.5268
0.95937,-0.57947
0.94325,-0.63506
0.94735,-0.66697
0.9353,-0.71142
0.90767,-0.76767
0.90417,-0.79585
0.89345,-0.82719
0.86224,-0.87481
0.84466,-0.9045
0.83533,-0.92152
0.81482,-0.94525
0.80645,-0.95229
0.78777,-0.96503
0.75884,-0.98339
0.73972,-0.98727
0.71094,-0.99617
0.70421,-0.97836
0.66546,-0.98797
0.6378,-0.98191
0.62075,-0.96074
0.59903,-0.93981
0.5687,-0.92316
0.54762,-0.89303
0.51667,-0.86868
0.48349,-0.84259
0.46113,-0.80188
0.43443,-0.76186
0.39768,-0.72843
0.37366,-0.67901
0.35745,-0.61871
0.32551,-0.57129
0.28287,-0.53194
0.26506,-0.46538
0.22231,-0.42162
0.1969,-0.3586
0.17266,-0.29279
0.14305,-0.23097
0.094613,-0.18688
0.079995,-0.10813
0.048142,-0.04606
0.014783,0.014783
-0.026248,0.067953
-0.051358,0.13677
-0.076972,0.20452
-0.12429,0.24973
-0.15635,0.30911
-0.16982,0.38569
-0.2107,0.43322
-0.24596,0.48448
-0.27566,0.53916
-0.30627,0.59053
-0.33639,0.63978
-0.36553,0.68714
-0.37854,0.74758
-0.41087,0.78542
-0.44992,0.81309
-0.46481,0.86127
-0.50295,0.8824
-0.51895,0.9217
-0.54886,0.943
-0.5741,0.96474
-0.60276,0.97873
-0.62317,0.99654
-0.65578,0.99765
-0.68331,0.99927
-0.68758,1.0195
-0.7144,1.0126
-0.74989,0.99234
-0.76225,0.99055
-0.78241,0.97632
-0.79756,0.96252
-0.81306,0.9438
-0.84076,0.9084
-0.84898,0.88807
-0.87172,0.84891
-0.87311,0.82691
-0.90023,0.77511
-0.90592,0.7408
-0.92937,0.68495
-0.92336,0.65495
-0.94649,0.59235
-0.94044,0.55568
-0.96005,0.49028
-0.96278,0.43891
-0.96357,0.38684
-0.97506,0.32164
-0.97707,0.26374
-0.98066,0.20228
-0.99794,0.12542
-0.99014,0.072153
-0.98388,0.016121
-0.99098,-0.054266
-0.99194,-0.11925
-0.98972,-0.18154
-0.98094,-0.23751
-0.98436,-0.30569
-0.98072,-0.36656
-0.9635,-0.41336
-0.96486,-0.47803
-0.94196,-0.5175
-0.94425,-0.58098
-0.9266,-0.62314
-0.92578,-0.68055
-0.90025,-0.71146
-0.89721,-0.7629
-0.87386,-0.79188
-0.8688,-0.83682
-0.84676,-0.86233
-0.82852,-0.88902
-0.82447,-0.92716
-0.79926,-0.9413
-0.77042,-0.94885
-0.75366,-0.96543
-0.7323,-0.9743
-0.71283,-0.98189
-0.70295,-0.99584
-0.68261,-0.99609
-0.64317,-0.97397
-0.63351,-0.97838
-0.60181,-0.95748
-0.57205,-0.93532
-0.55189,-0.91958
-0.52687,-0.89587
-0.49599,-0.86325
-0.46294,-0.82552
-0.44598,-0.801
-0.41026,-0.755
-0.39024,-0.72206
-0.35651,-0.67294
-0.33484,-0.63353
-0.30697,-0.58574
-0.27177,-0.5286
-0.24515,-0.47821
-0.21636,-0.42399
-0.16888,-0.34962
-0.14952,-0.3021
-0.11754,-0.24089
-0.083375,-0.17665
-0.044844,-0.10739
-0.026876,-0.058256
0.015311,0.015311
