0.22306,1.1558
0.14147,0.99843
0.31532,1.0882
0.27696,0.95805
0.41747,0.99946
0.47525,0.95146
0.50293,0.86731
0.59381,0.84103
0.72656,0.85205
0.70265,0.70265
0.68159,0.55321
0.8473,0.58853
0.86601,0.47578
0.7944,0.27257
0.93085,0.27827
0.86022,0.078687
0.91368,0.0059669
1.023,-0.0072027
1.1262,-0.021763
1.1013,-0.15876
0.98477,-0.38096
1.1394,-0.32462
0.99504,-0.55916
1.0349,-0.60059
1.1575,-0.54965
1.0125,-0.756
1.1483,-0.67087
1.0088,-0.8498
1.0982,-0.78815
1.0026,-0.8995
1.1037,-0.802
1.0853,-0.81165
0.95943,-0.91638
0.92056,-0.92179
0.80953,-0.98718
0.96791,-0.77119
0.88056,-0.78929
0.68649,-0.90288
0.74763,-0.75054
0.654,-0.7428
0.55298,-0.73296
0.58798,-0.57832
0.49477,-0.54391
0.44904,-0.45491
0.36066,-0.40235
0.31087,-0.30594
0.28793,-0.17845
0.27172,-0.040997
0.18932,0.032423
0.094455,0.094455
0.065892,0.22279
0.068975,0.38169
-0.07854,0.38783
-0.097638,0.51918
-0.17532,0.58769
-0.28691,0.61704
-0.42024,0.61844
-0.30472,0.86159
-0.41805,0.86789
-0.47474,0.92206
-0.58884,0.90932
-0.64844,0.94093
-0.5342,1.1356
-0.64522,1.0939
-0.64304,1.1537
-0.64696,1.1954
-0.68861,1.1872
-0.87244,1.0245
-0.83915,1.0665
-0.75392,1.1482
-0.78995,1.0964
-0.9354,0.92319
-0.92867,0.89052
-0.88086,0.88768
-0.91007,0.79703
-0.90175,0.7337
-0.8127,0.7415
-0.85652,0.60752
-0.88152,0.48421
-0.90666,0.35341
-0.9178,0.23012
-0.86464,0.16552
-0.72947,0.17825
-0.75888,0.022655
-0.7946,-0.14202
-0.67485,-0.15303
-0.59086,-0.20063
-0.62686,-0.36809
-0.55269,-0.4243
-0.43765,-0.43765
-0.40013,-0.52561
-0.36192,-0.60914
-0.27675,-0.64112
-0.19232,-0.66852
-0.16441,-0.7464
-0.11416,-0.79525
-0.05955,-0.83246
-0.11215,-0.9691
0.073354,-0.85942
0.15207,-0.84793
0.22255,-0.8358
0.17462,-0.933
0.38667,-0.76101
0.35736,-0.82111
0.48258,-0.71745
0.53578,-0.67667
0.46468,-0.75126
0.5575,-0.65323
0.71736,-0.47978
0.66066,-0.51491
0.65808,-0.48838
0.74608,-0.36425
0.84097,-0.22674
0.84596,-0.17324
1.0012,0.035705
0.98514,0.078022
0.9442,0.099304
0.9634,0.18391
1.0538,0.34221
1.1069,0.46491
1.0121,0.44065
1.0874,0.58686
1.0911,0.66108
1.1197,0.7591
1.1318,0.83888
1.1788,0.95126
1.1547,0.9897
1.1748,1.0688
1.1657,1.1149
1.1158,1.1158
1.0607,1.1068
1.0641,1.1514
1.0282,1.1514
0.85112,1.0048
0.86604,1.0447
0.85787,1.0559
0.87757,1.0895
0.7491,0.96938
0.77018,0.9935
0.75749,0.97873
0.62985,0.84414
0.61824,0.82104
0.46836,0.65548
0.54276,0.71046
0.39219,0.53716
0.32616,0.4456
0.33632,0.42793
0.26698,0.32903
0.22696,0.25828
0.12643,0.12643
0.077843,0.046526
0.056046,-0.0060019
-0.16476,-0.25637
-0.078776,-0.19821
-0.25618,-0.40116
-0.35094,-0.51864
-0.24941,-0.43654
-0.32182,-0.52461
-0.41294,-0.62722
-0.46995,-0.69119
-0.49242,-0.71574
-0.49356,-0.71384
-0.72,-0.93192
-0.6856,-0.88367
-0.74244,-0.92111
-0.80568,-0.95937
-0.68036,-0.80356
-0.71357,-0.80086
-0.74154,-0.78768
-0.75479,-0.75479
-0.81019,-0.75936
-0.87973,-0.77375
-0.83138,-0.66635
-0.87498,-0.64747
-0.89247,-0.59957
-0.83408,-0.47348
-0.85859,-0.42856
-0.84771,-0.34717
-0.96611,-0.39468
-0.8883,-0.24626
-0.78766,-0.076026
-0.85191,-0.072412
-0.80131,0.043584
-0.72506,0.18206
-0.62059,0.34486
-0.57511,0.44409
-0.56721,0.5005
-0.5742,0.53613
-0.62701,0.51945
-0.57053,0.60504
-0.43141,0.76573
-0.28813,0.92259
-0.31511,0.90082
-0.27113,0.94133
-0.24191,0.95812
-0.22043,0.95804
-0.044801,1.1029
-0.047459,1.0602
0.090788,1.1491
0.075805,1.0758
0.19895,1.1317
0.15614,1.0131
0.20948,0.98239
0.25128,0.93237
0.40703,0.98902
0.39987,0.87607
0.53998,0.90436
0.59921,0.84643
0.61211,0.73759
0.7264,0.7264
0.80334,0.67496
0.74748,0.48871
0.85802,0.46779
0.80138,0.27956
0.8353,0.18272
1.033,0.25141
0.92523,0.017508
0.96737,-0.062793
1.0822,-0.065724
1.0826,-0.17747
1.061,-0.30472
1.0242,-0.43982
1.0802,-0.47396
1.1398,-0.49564
1.117,-0.59009
0.99937,-0.76917
1.0018,-0.81744
1.105,-0.75354
1.1429,-0.74347
0.99824,-0.90388
0.99135,-0.91434
0.99611,-0.90083
0.95703,-0.91878
0.91817,-0.92419
0.81903,-0.97767
0.96458,-0.77452
0.75449,-0.91536
0.80482,-0.78456
0.71572,-0.78245
0.62834,-0.76847
0.67688,-0.60906
0.62548,-0.54082
0.57956,-0.45912
0.46426,-0.43969
0.46343,-0.29957
0.31102,-0.3058
0.2282,-0.23817
0.26449,-0.048226
0.16834,0.011438
0.037603,0.037603
-0.0071126,0.14979
-0.12294,0.18978
-0.14637,0.32
-0.13856,0.47825
-0.23588,0.52713
-0.2602,0.64376
-0.31444,0.72424
-0.35252,0.81378
-0.45601,0.82993
-0.40134,0.99546
-0.55414,0.94402
-0.60657,0.9828
-0.60032,1.0695
-0.66605,1.0731
-0.6761,1.1206
-0.80825,1.0341
-0.78275,1.0931
-0.78238,1.1146
-0.77509,1.1306
-0.79709,1.105
-0.96731,0.91902
-0.92538,0.93321
-0.91362,0.90558
-0.89387,0.87467
-0.81056,0.89655
-0.94962,0.68583
-0.87262,0.68158
-0.8839,0.58014
-0.89786,0.46787
-0.85768,0.40239
-0.83182,0.3161
-0.80745,0.22271
-0.73864,0.16908
-0.76115,0.02039
-0.75824,-0.10566
-0.64881,-0.12699
-0.62978,-0.23955
-0.67949,-0.42073
-0.46325,-0.33487
-0.51161,-0.51161
-0.53009,-0.65558
-0.36456,-0.61178
-0.30599,-0.67037
-0.21688,-0.69308
-0.1434,-0.72539
-0.1361,-0.81719
-0.05905,-0.83196
-0.019447,-0.8764
-0.055444,-0.98822
0.13625,-0.86375
0.2596,-0.79876
0.2897,-0.81792
0.28588,-0.8618
0.43069,-0.74778
0.49262,-0.7074
0.40823,-0.80422
0.57665,-0.63929
0.52626,-0.68446
0.62796,-0.56918
0.78497,-0.3906
0.72611,-0.42036
0.84038,-0.26994
0.92063,-0.14708
0.81947,-0.19973
0.86176,-0.10369
1.0002,0.093045
1.0133,0.16838
1.0584,0.27887
1.1225,0.41089
0.97897,0.33693
1.1263,0.55488
1.1043,0.60375
1.1888,0.7588
1.0483,0.68767
1.047,0.75414
1.1303,0.90274
1.1571,0.99207
1.1697,1.0637
1.1309,1.0801
1.142,1.142
0.9313,0.97744
0.9674,1.0547
0.94226,1.0655
0.95949,1.1132
0.91107,1.0897
0.91778,1.1159
0.80303,1.0149
0.86501,1.0853
0.71075,0.93407
0.58795,0.80918
0.63262,0.84691
0.60546,0.80825
0.51535,0.70248
0.44908,0.61678
0.34591,0.49089
0.38259,0.50203
0.27976,0.37137
0.24151,0.30355
0.23777,0.26909
0.022816,0.022816
0.0040813,-0.027237
0.014445,-0.047603
-0.08816,-0.17977
-0.18242,-0.30185
-0.29942,-0.4444
-0.23061,-0.39831
-0.30699,-0.49411
-0.46603,-0.66882
-0.39007,-0.60435
-0.49658,-0.71781
-0.56923,-0.79254
-0.55394,-0.77422
-0.54189,-0.7538
-0.64861,-0.84668
-0.79783,-0.9765
-0.76521,-0.91891
-0.83322,-0.95642
-0.78425,-0.87153
-0.86877,-0.91491
-0.87045,-0.87045
-0.82537,-0.77454
-0.95334,-0.84736
-0.8213,-0.65626
-0.80015,-0.57263
-0.80811,-0.51522
-0.90678,-0.54618
-0.90106,-0.47102
-0.87893,-0.37839
-0.8105,-0.23906
-0.77094,-0.1289
-0.88483,-0.1732
-0.82664,-0.047145
-0.86936,-0.024467
-0.7349,0.17222
-0.65187,0.31358
-0.70433,0.31488
-0.65919,0.40852
-0.50698,0.60334
-0.63388,0.51259
-0.49398,0.68159
-0.43059,0.76654
-0.4231,0.78762
-0.37636,0.83958
-0.24803,0.96442
-0.19177,1.0083
-0.23769,0.94078
-0.036293,1.1114
-0.079575,1.028
-0.039761,1.0186
0.10936,1.1094
0.2522,1.185
0.14905,1.006
0.22142,0.99433
0.35203,1.0331
0.35931,0.9413
0.53849,1.0147
0.61158,0.97596
0.68135,0.92856
0.6315,0.75699
0.73195,0.73195
0.83623,0.70785
0.8359,0.57714
0.83821,0.44798
0.78414,0.26231
0.99899,0.34641
0.89142,0.10989
0.8896,-0.018117
1.0448,0.014594
0.9896,-0.15831
0.97719,-0.28288
1.1347,-0.231
1.0406,-0.42343
1.0331,-0.52113
1.1388,-0.4966
1.008,-0.69909
1.0527,-0.71588
1.0441,-0.7751
1.0328,-0.82579
1.0219,-0.86445
1.1324,-0.76976
1.0442,-0.86154
0.9257,-0.97124
0.99422,-0.88159
1.0248,-0.8176
0.87629,-0.92041
0.80653,-0.93257
0.76941,-0.90044
0.69103,-0.89835
0.7605,-0.73766
0.65961,-0.73719
0.56846,-0.71748
0.55875,-0.60755
0.53901,-0.49967
0.5411,-0.36285
0.34611,-0.4169
0.27087,-0.34595
0.32025,-0.14612
0.17926,-0.13346
0.068733,-0.088166
0.043602,0.043602
0.056217,0.21312
0.02544,0.33815
-0.10751,0.35886
-0.081416,0.5354
-0.28135,0.48166
-0.22177,0.68218
-0.31783,0.72086
-0.38308,0.78322
-0.40295,0.88299
-0.40999,0.98681
-0.60064,0.89752
-0.65061,0.93876
-0.63625,1.0336
-0.63892,1.1002
-0.66179,1.1349
-0.75749,1.0849
-0.87358,1.0022
-0.77336,1.1236
-0.78598,1.1197
-0.92455,0.97757
-0.92862,0.95772
-0.86628,0.99231
-0.9291,0.89009
-0.89567,0.87287
-0.84062,0.86649
-0.9827,0.65275
-0.98842,0.56577
-0.8904,0.57364
-0.78702,0.57871
-0.79234,0.46774
-0.92162,0.2263
-0.74039,0.28977
-0.76489,0.14282
-0.6664,0.11514
-0.77731,-0.12473
-0.69034,-0.16852
-0.70704,-0.31681
-0.60335,-0.34458
-0.60941,-0.48102
-0.51637,-0.51637
-0.38777,-0.51325
-0.47247,-0.71968
-0.24044,-0.60482
-0.1719,-0.6481
-0.2588,-0.84079
-0.10826,-0.78935
-0.15128,-0.9242
-0.095401,-0.95235
0.0065601,-0.92621
0.12693,-0.87307
0.14002,-0.91833
0.28968,-0.81794
0.22394,-0.92374
0.25975,-0.91871
0.35806,-0.84197
0.50594,-0.70651
0.46107,-0.75486
0.64646,-0.56426
0.66688,-0.53026
0.72704,-0.44853
0.70109,-0.44537
0.74241,-0.36792
0.83965,-0.22805
0.83532,-0.18389
1.0024,0.036965
0.93543,0.028315
0.89299,0.048092
1.0755,0.29598
0.93729,0.22566
1.0705,0.42848
1.0346,0.46321
0.99489,0.49435
1.0889,0.65888
1.0219,0.66127
1.0688,0.77591
1.1939,0.96643
1.0485,0.88343
1.07,0.96397
0.99074,0.93991
1.0801,1.0801
0.93215,0.97829
1.036,1.1233
0.92841,1.0516
0.97558,1.1293
0.82959,1.0083
0.84881,1.0469
0.79339,1.0053
0.88016,1.1004
0.67556,0.89887
0.64567,0.86691
0.58299,0.79727
0.5527,0.7555
0.52078,0.70791
0.40942,0.57712
0.49559,0.64056
0.3244,0.44384
0.19461,0.28622
0.20349,0.26554
0.1795,0.21081
0.0084524,0.0084524
0.033551,0.0022329
0.0048239,-0.057224
-0.10384,-0.19545
-0.21574,-0.33518
-0.13762,-0.28259
-0.35027,-0.51798
-0.30585,-0.49297
-0.41767,-0.62046
-0.48751,-0.70179
-0.54647,-0.7677
-0.57582,-0.79913
-0.67091,-0.89119
-0.53606,-0.74797
-0.6755,-0.87357
-0.73222,-0.91089
-0.68696,-0.84065
-0.83822,-0.96142
-0.78509,-0.87237
-0.81916,-0.8653
-0.94718,-0.94718
-0.95467,-0.90384
-0.88467,-0.77869
-0.79239,-0.62736
-0.80611,-0.5786
-0.81473,-0.52184
-0.89302,-0.53242
-0.82903,-0.399
-0.84469,-0.34415
-0.78745,-0.21601
-0.94131,-0.29928
-0.87819,-0.16656
-0.76848,0.011013
-0.83199,0.012902
-0.65644,0.25068
-0.66172,0.30373
-0.6273,0.39191
-0.55092,0.51679
-0.66556,0.44476
-0.59524,0.55123
-0.45718,0.71839
-0.52287,0.67427
-0.37542,0.8353
-0.31074,0.90519
-0.26023,0.95222
-0.1861,1.0139
-0.10258,1.0759
-0.00098922,1.1467
-0.0032736,1.1043
0.014974,1.0733
0.055878,1.0559
0.20639,1.1392
0.30058,1.1575
0.27632,1.0492
0.40623,1.0873
0.47566,1.0576
0.54995,1.0262
0.45009,0.81447
0.55202,0.79924
0.67746,0.80295
0.75928,0.75928
0.78317,0.65479
0.69237,0.4336
0.90084,0.51061
0.78182,0.26
0.8935,0.24092
0.86234,0.080799
1.0669,0.15922
1.101,0.070872
1.1134,-0.034546
1.0454,-0.21462
0.99103,-0.3747
1.0094,-0.45462
1.0798,-0.47439
1.0245,-0.61094
1.0954,-0.61173
1.1103,-0.65828
0.99764,-0.82156
0.98803,-0.87056
1.027,-0.85939
1.089,-0.81308
0.95105,-0.95465
1.005,-0.89193
1.0117,-0.86416
0.88757,-0.95479
0.94601,-0.8507
0.95174,-0.78735
0.88817,-0.78168
0.85315,-0.73623
0.80312,-0.69505
0.68606,-0.71075
0.59603,-0.68991
0.5491,-0.6172
0.60959,-0.4291
0.52716,-0.37679
0.31526,-0.44775
0.27929,-0.33753
0.28748,-0.17889
0.1833,-0.12941
0.10634,-0.050561
0.10421,0.10421
0.078443,0.23534
0.043146,0.35586
-0.0068066,0.45957
-0.24071,0.3761
-0.27364,0.48937
-0.20876,0.69519
-0.29919,0.73949
-0.33835,0.82795
-0.39687,0.88907
-0.50235,0.89446
-0.60865,0.88952
-0.6592,0.93018
-0.66314,1.0067
-0.74846,0.99064
-0.75275,1.044
-0.74281,1.0995
-0.7151,1.1607
-0.80744,1.0895
-0.8298,1.0759
-0.92837,0.97374
-0.90106,0.98528
-0.87121,0.98739
-0.83644,0.98276
-0.87556,0.89298
-0.95686,0.75025
-0.98096,0.65449
-0.97824,0.57596
-0.88498,0.57906
-0.94361,0.42212
-0.79619,0.46388
-0.81026,0.33766
-0.73132,0.29885
-0.78606,0.12165
-0.68163,0.099908
-0.75209,-0.09951
-0.59132,-0.069497
-0.69362,-0.30339
-0.55786,-0.2991
-0.56162,-0.43324
-0.56646,-0.56646
-0.48756,-0.61305
-0.36812,-0.61533
-0.30722,-0.6716
-0.22739,-0.70359
-0.2463,-0.82829
-0.14746,-0.82855
-0.0096062,-0.78252
0.0079141,-0.84904
0.0075891,-0.92518
0.097754,-0.90225
0.1342,-0.92415
0.31607,-0.79155
0.25087,-0.89681
0.26476,-0.9137
0.48157,-0.71846
0.50681,-0.70564
0.50807,-0.70786
0.51416,-0.69656
0.53889,-0.65825
0.71588,-0.45969
0.76632,-0.38014
0.80672,-0.30361
0.80999,-0.25771
0.89742,-0.12179
0.83456,-0.13089
0.85465,-0.052472
0.98791,0.14302
1.0245,0.24496
0.98544,0.27381
1.1239,0.48187
1.084,0.51256
1.145,0.64451
1.1691,0.73908
1.1976,0.83703
1.1467,0.85376
1.0087,0.78115
1.1398,0.97475
1.162,1.0561
1.0933,1.0425
1.0584,1.0584
1.0594,1.1056
0.91099,0.99828
0.9898,1.113
0.90946,1.0632
0.84872,1.0274
0.96851,1.1666
0.73018,0.9421
0.73772,0.958
0.73489,0.95821
0.706,0.92723
0.73438,0.94866
0.48917,0.69196
0.59486,0.78198
0.54044,0.70814
0.45612,0.6011
0.2834,0.40283
0.29541,0.38702
0.28897,0.35101
0.15406,0.18537
0.014544,0.014544
0.12579,0.094477
0.032105,-0.029943
-0.13321,-0.22482
-0.21338,-0.33281
-0.2077,-0.35267
-0.18882,-0.35652
-0.36723,-0.55436
-0.41427,-0.61707
-0.52263,-0.73692
-0.47262,-0.69385
-0.47665,-0.69996
-0.50477,-0.72505
-0.68593,-0.89784
-0.75797,-0.95604
-0.70741,-0.88609
-0.76999,-0.92369
-0.81745,-0.94065
-0.86317,-0.95046
-0.85234,-0.89848
-0.81578,-0.81578
-0.84168,-0.79085
-0.89129,-0.7853
-0.84239,-0.67735
-0.82286,-0.59535
-0.99001,-0.69712
-0.85691,-0.49631
-0.96464,-0.53461
-0.88497,-0.38444
-0.77601,-0.20458
-0.94136,-0.29932
-0.81999,-0.10835
-0.89853,-0.11904
-0.74328,0.10161
-0.78149,0.12563
-0.76744,0.19801
-0.64325,0.37595
-0.69118,0.37653
-0.65464,0.45569
-0.44854,0.69792
-0.56287,0.6127
-0.46122,0.73592
-0.38516,0.82556
-0.30826,0.90767
-0.36778,0.84467
-0.27265,0.92737
-0.14653,1.0319
0.0075559,1.1552
0.063871,1.1715
0.036888,1.0952
0.1854,1.1854
0.18999,1.1228
0.304,1.161
0.22502,0.99793
0.25086,0.93194
0.41199,0.99398
0.44997,0.92617
0.57715,0.94153
0.53128,0.77849
0.59752,0.723
0.66359,0.66359
0.76073,0.63235
0.7917,0.53293
0.75243,0.3622
0.93025,0.40843
0.81582,0.16323
0.84983,0.068291
1.0512,0.14353
0.9869,-0.043262
1.1177,-0.030172
1.019,-0.24107
1.1066,-0.25909
1.1269,-0.33717
1.0409,-0.5133
1.1152,-0.52027
1.1122,-0.59488
1.0597,-0.7088
1.1828,-0.63641
1.0767,-0.78192
1.1476,-0.7387
1.1215,-0.78061
1.0206,-0.88512
1.0895,-0.80742
0.88124,-0.99457
0.86451,-0.97784
0.81029,-0.98641
0.77373,-0.96537
0.75517,-0.91468
0.70759,-0.88179
0.72326,-0.77491
0.63721,-0.75959
0.55038,-0.73556
0.59626,-0.57004
0.53055,-0.50814
0.41346,-0.49049
0.47419,-0.28882
0.38039,-0.23642
0.30299,-0.16339
0.23151,-0.081205
0.2603,0.1034
0.13804,0.13804
-0.01121,0.14569
-0.119,0.19371
-0.13384,0.33253
-0.2209,0.39592
-0.26981,0.49319
-0.181,0.72295
-0.37152,0.66717
-0.45643,0.70987
-0.42974,0.8562
-0.50242,0.89438
-0.62811,0.87006
-0.54821,1.0412
-0.64609,1.0238
-0.69767,1.0414
-0.77618,1.0205
-0.81071,1.0316
-0.78808,1.0877
-0.787,1.1099
-0.92319,0.98251
-0.82546,1.0766
-0.85084,1.0355
-0.89711,0.96148
-0.92986,0.88933
-0.98703,0.78151
-0.87109,0.83601
-0.92272,0.71273
-0.85954,0.69466
-0.78796,0.67608
-0.81214,0.55359
-0.88146,0.37861
-0.81602,0.3319
-0.8328,0.19736
-0.77901,0.1287
-0.66631,0.11523
-0.71969,-0.067107
-0.72239,-0.20057
-0.53418,-0.14395
-0.49884,-0.24007
-0.58204,-0.45365
-0.52984,-0.52984
-0.52009,-0.64558
-0.46123,-0.70845
-0.33216,-0.69654
-0.28232,-0.75852
-0.28575,-0.86774
-0.18506,-0.86615
-0.1116,-0.88452
-0.045693,-0.90265
-0.031797,-0.96457
0.17341,-0.82659
0.21566,-0.84269
0.2947,-0.81292
0.32094,-0.82673
0.27396,-0.90451
0.38329,-0.81673
0.52628,-0.68618
0.55229,-0.66364
0.59828,-0.61245
0.67331,-0.52383
0.59935,-0.57622
0.77883,-0.36763
0.77395,-0.33638
0.90479,-0.16291
0.78576,-0.23344
0.85382,-0.11164
1.0258,0.11871
1.0266,0.18169
1.0033,0.22378
1.0499,0.3383
1.1041,0.46202
0.97677,0.40534
1.0424,0.54189
1.1521,0.7221
1.0297,0.66909
1.0456,0.75275
1.158,0.93048
1.0892,0.92414
1.1313,1.0253
1.112,1.0612
0.98036,0.98036
1.1253,1.1715
0.92768,1.015
1.0517,1.1749
0.87601,1.0297
0.93242,1.1111
0.86229,1.0604
0.78844,1.0003
0.70161,0.92189
0.68581,0.90913
0.75518,0.97641
0.64116,0.85545
0.60447,0.80726
0.53821,0.72534
0.43022,0.59792
0.45549,0.60046
0.29512,0.41456
0.36332,0.45493
0.26036,0.32241
0.20316,0.23448
0.053153,0.053153
-0.0098035,-0.041121
0.031863,-0.030185
-0.059952,-0.15156
-0.10336,-0.22279
-0.24303,-0.388
-0.26038,-0.42808
-0.33852,-0.52564
-0.47202,-0.67481
-0.49785,-0.71214
-0.40896,-0.63019
-0.44127,-0.66458
-0.56894,-0.78922
-0.60059,-0.81251
-0.67539,-0.87346
-0.69404,-0.87271
-0.69484,-0.84854
-0.71893,-0.84213
-0.78326,-0.87055
-0.78772,-0.83386
-0.76156,-0.76156
-0.79149,-0.74066
-0.80013,-0.69415
-0.95121,-0.78618
-0.92468,-0.69716
-0.8447,-0.55181
-0.99171,-0.6311
-0.964,-0.53396
-0.9263,-0.42577
-0.81681,-0.24538
-0.93024,-0.2882
-0.81284,-0.1012
-0.84793,-0.068438
-0.68588,0.15901
-0.70949,0.19763
-0.79076,0.1747
-0.65577,0.36343
-0.56895,0.49875
-0.50251,0.60782
-0.56566,0.58081
-0.54702,0.62856
-0.45788,0.73926
-0.31423,0.89649
-0.27097,0.94496
-0.23974,0.97271
-0.22083,0.97919
-0.20099,0.97748
-0.11838,1.0293
-0.034849,1.0728
-0.038029,1.0203
0.039774,1.0398
0.25074,1.1835
0.16391,1.0209
0.35634,1.1293
0.28872,0.96981
0.31567,0.89766
0.53538,1.0116
0.43565,0.80003
0.52661,0.77383
0.55298,0.67847
0.71972,0.71972
0.6628,0.53442
0.77722,0.51845
0.83089,0.44066
0.94123,0.41941
0.8976,0.24501
0.95936,0.17782
1.0563,0.14856
0.92966,-0.1005
0.93703,-0.21089
1.0188,-0.24131
1.0979,-0.26778
0.99957,-0.46447
1.0331,-0.52107
1.1599,-0.47553
1.035,-0.67207
1.0441,-0.7244
1.0591,-0.76008
1.0013,-0.85724
1.0043,-0.88207
0.99107,-0.91104
1.0686,-0.83708
1.0202,-0.8767
0.90151,-0.9743
0.87302,-0.96933
0.85658,-0.94013
0.84353,-0.89557
0.80867,-0.86118
0.817,-0.77237
0.83469,-0.66348
0.73273,-0.66408
0.62505,-0.66089
0.50507,-0.66123
0.4625,-0.57619
0.43836,-0.46559
0.33605,-0.42696
0.39669,-0.22013
0.38076,-0.085616
0.27853,-0.034186
0.085731,-0.071167
0.080966,0.080966
0.081765,0.23866
-0.034436,0.27828
-0.1392,0.32718
-0.090688,0.52613
-0.25798,0.50503
-0.33048,0.57347
-0.35306,0.68563
-0.41634,0.74996
-0.48151,0.80442
-0.51378,0.88303
-0.59454,0.90363
-0.54757,1.0418
-0.56452,1.1053
-0.64578,1.0933
-0.68052,1.1162
-0.69494,1.1474
-0.8544,1.0214
-0.78186,1.1151
-0.836,1.0697
-0.87861,1.0235
-0.83213,1.0542
-0.94939,0.9092
-0.83563,0.98356
-0.86265,0.90589
-0.93098,0.77612
-0.97074,0.66471
-0.82149,0.73271
-0.80369,0.66035
-0.81658,0.54915
-0.81505,0.44502
-0.89777,0.25015
-0.70832,0.32184
-0.72197,0.18575
-0.84067,-0.059134
-0.6567,-0.0041161
-0.68001,-0.15818
-0.67189,-0.28165
-0.5816,-0.32284
-0.51774,-0.38936
-0.56972,-0.56972
-0.39562,-0.5211
-0.34375,-0.59096
-0.41847,-0.78285
-0.30571,-0.78192
-0.26073,-0.84272
-0.10345,-0.78454
-0.10461,-0.87753
0.043395,-0.81356
0.084895,-0.84788
0.18926,-0.81074
0.085094,-0.97326
0.17195,-0.93567
0.30915,-0.83853
0.40998,-0.76848
0.45451,-0.74552
0.45907,-0.75339
0.56718,-0.64875
0.55594,-0.65478
0.59937,-0.59777
0.63752,-0.53805
0.67809,-0.46838
0.7384,-0.37193
0.84589,-0.22182
0.79165,-0.22755
0.96551,5.995e-05
0.88241,-0.024709
1.0496,0.20471
1.0561,0.27663
1.001,0.28941
1.0855,0.44344
1.1641,0.59266
1.123,0.62247
1.108,0.67794
1.0096,0.64901
1.0615,0.76857
1.0584,0.8309
1.034,0.86899
1.0838,0.97785
1.1007,1.0498
1.0818,1.0818
1.0081,1.0542
0.99976,1.087
0.95679,1.08
0.87474,1.0284
0.87722,1.0559
0.83627,1.0343
0.85524,1.0671
0.72749,0.94777
0.68199,0.9053
0.73079,0.95202
0.59172,0.806
0.56678,0.76957
0.54291,0.73004
0.42967,0.59737
0.37086,0.51584
0.38404,0.50347
0.36926,0.46087
0.1706,0.23265
0.21521,0.24652
0.022034,0.022034
0.0074883,-0.023829
-0.0013917,-0.06344
-0.13237,-0.22398
-0.16649,-0.28593
-0.23337,-0.37834
-0.28609,-0.45379
-0.38933,-0.57646
-0.45673,-0.65952
-0.45442,-0.66871
-0.45114,-0.67237
-0.49445,-0.71777
-0.65061,-0.87089
-0.63991,-0.85182
-0.67578,-0.87385
-0.61636,-0.79503
-0.67542,-0.82912
-0.86215,-0.98535
-0.81776,-0.90505
-0.78682,-0.83296
-0.87424,-0.87424
-0.88972,-0.83889
-0.88351,-0.77753
-0.99077,-0.82574
-0.81251,-0.585
-0.90028,-0.60739
-0.89164,-0.53104
-0.88656,-0.45653
-0.97005,-0.46952
-0.96709,-0.39565
-0.83514,-0.1931
-0.91357,-0.20194
-0.72464,0.054854
-0.76009,0.084805
-0.66754,0.23958
-0.71702,0.24843
-0.6569,0.3623
-0.66425,0.40346
-0.54561,0.56472
-0.43857,0.70789
-0.56767,0.6079
-0.40083,0.79631
-0.45097,0.75975
-0.26387,0.95206
-0.23287,0.97958
-0.11773,1.0823
-0.11029,1.0682
-0.073157,1.0745
-0.09587,1.0118
0.091562,1.1499
0.17908,1.1791
0.24449,1.1773
0.25051,1.1075
0.34945,1.1224
0.32815,1.0092
0.37539,0.95738
0.53158,1.0078
0.43474,0.79912
0.63013,0.87735
0.6366,0.76208
0.64093,0.64093
0.72933,0.60094
0.80254,0.54377
0.7921,0.40187
0.79189,0.27007
0.95397,0.30138
1.0023,0.22078
1.0733,0.16553
0.96251,-0.067648
1.0298,-0.11808
1.148,-0.1121
1.1491,-0.21661
1.1213,-0.34272
1.1588,-0.39542
1.0201,-0.61534
1.0608,-0.6463
1.0715,-0.69704
1.1383,-0.6809
1.1759,-0.68268
1.1616,-0.72476
0.99039,-0.91172
0.98081,-0.92488
1.0022,-0.8947
0.90742,-0.96839
1.0123,-0.83002
0.98152,-0.81519
0.92233,-0.81677
0.90183,-0.76802
0.83307,-0.7563
0.78777,-0.7104
0.69674,-0.70007
0.73453,-0.55141
0.64675,-0.51955
0.5865,-0.45219
0.52555,-0.3784
0.37163,-0.39138
0.36346,-0.25336
0.31365,-0.15273
0.30307,-0.0096428
0.069461,-0.087438
0.18096,0.18096
0.034038,0.19094
-0.078667,0.23405
-0.15156,0.31481
-0.21983,0.39698
-0.23514,0.52786
-0.23811,0.66584
-0.2494,0.78929
-0.32072,0.84558
-0.44181,0.84413
-0.42449,0.97231
-0.49673,1.0014
-0.6763,0.91307
-0.57849,1.0914
-0.58851,1.1506
-0.78577,1.0109
-0.82392,1.0184
-0.77292,1.1029
-0.76849,1.1285
-0.74822,1.1575
-0.78729,1.1148
-0.82769,1.0586
-0.82926,1.0293
-0.96814,0.85106
-0.8531,0.91544
-0.95457,0.75254
-0.94337,0.69208
-0.90544,0.64875
-0.80984,0.65421
-0.91132,0.45441
-0.82172,0.43835
-0.78082,0.3671
-0.73084,0.29932
-0.70094,0.20677
-0.72358,0.057955
-0.77575,-0.12317
-0.6514,-0.12958
-0.61614,-0.22591
-0.63945,-0.38069
-0.50054,-0.37216
-0.43439,-0.43439
-0.47402,-0.5995
-0.35419,-0.60141
-0.2677,-0.63208
-0.23205,-0.70826
-0.13034,-0.71233
-0.17435,-0.85544
-0.18334,-0.95625
-0.087414,-0.94437
0.056031,-0.87674
0.020901,-0.9791
0.13706,-0.92129
0.2871,-0.82052
0.20638,-0.94129
0.27737,-0.9011
0.39471,-0.80531
0.38291,-0.82954
0.54676,-0.66918
0.67308,-0.53765
0.60641,-0.59073
0.64523,-0.53034
0.78168,-0.36479
0.70895,-0.40138
0.75777,-0.30994
0.87285,-0.14635
0.83851,-0.12694
0.90678,-0.00033445
0.93529,0.090397
0.99081,0.21132
1.0013,0.28962
1.0929,0.4509
1.0759,0.50446
1.149,0.64842
1.05,0.61996
1.1233,0.76273
1.0426,0.7497
1.0466,0.81908
1.1265,0.96146
1.1354,1.0294
1.1089,1.0581
1.0609,1.0609
1.067,1.1131
1.0783,1.1656
1.0353,1.1585
1.0376,1.1913
0.97719,1.1559
0.95711,1.1552
0.9074,1.1193
0.74957,0.96985
0.78544,1.0088
0.67088,0.89211
0.55878,0.77307
0.63287,0.83566
0.58243,0.76955
0.43552,0.60322
0.3149,0.45987
0.41136,0.53079
0.24324,0.33485
0.25239,0.31444
0.25747,0.28878
0.10358,0.10358
0.040006,0.0086885
0.025917,-0.036131
-0.034079,-0.12569
-0.1386,-0.25804
-0.13446,-0.27944
-0.18083,-0.34854
-0.34483,-0.53196
-0.38714,-0.58994
-0.49447,-0.70876
-0.50159,-0.72282
-0.62089,-0.84421
-0.67612,-0.8964
-0.55014,-0.76205
-0.61912,-0.81719
-0.79006,-0.96873
-0.80313,-0.95683
-0.82304,-0.94624
-0.71953,-0.80682
-0.84295,-0.88909
-0.78345,-0.78345
-0.92092,-0.87009
-0.944,-0.83802
-0.91131,-0.74628
-0.92093,-0.69342
-0.89755,-0.60466
-0.99638,-0.63578
-0.80238,-0.37235
-0.95521,-0.45468
-0.94564,-0.37421
-0.87302,-0.23098
-0.8679,-0.15626
-0.87596,-0.096471
-0.82127,0.023624
-0.79082,0.1163
-0.75977,0.20569
-0.64456,0.37464
-0.72294,0.34477
-0.56269,0.54764
-0.44353,0.70294
-0.49427,0.6813
-0.4439,0.75324
-0.31785,0.89288
-0.24525,0.97069
-0.17344,1.039
-0.19226,1.0078
-0.21896,0.95951
-0.11546,1.0322
-0.10638,1.0012
-0.048146,1.0102
0.10825,1.1083
0.2094,1.1422
0.24775,1.1047
0.2647,1.0376
0.37854,1.0596
0.39577,0.97776
0.52555,1.0018
0.52587,0.89024
0.58944,0.83666
0.668,0.79348
0.74101,0.74101
0.70154,0.57316
0.79109,0.53232
0.80557,0.41533
0.82749,0.30567
0.85615,0.20356
0.90875,0.12722
0.99244,0.084719
0.92329,-0.10687
0.99869,-0.14923
1.0837,-0.1764
0.98379,-0.38194
1.0954,-0.36864
1.1685,-0.38575
1.1237,-0.51171
1.1483,-0.55878
1.1977,-0.57085
1.087,-0.73224
1.1246,-0.73398
1.0015,-0.88487
1.0389,-0.86326
1.0181,-0.8876
1.0632,-0.8337
1.0222,-0.85365
1.0193,-0.82303
0.91557,-0.88114
0.77508,-0.96402
0.86834,-0.80151
0.87723,-0.71214
0.64332,-0.85484
0.76979,-0.62701
0.71587,-0.57007
0.50963,-0.65667
0.60294,-0.43574
0.53404,-0.36991
0.36862,-0.39438
0.28925,-0.32756
0.22535,-0.24102
0.3238,0.011089
0.14815,-0.0087491
0.031157,0.031157
0.04511,0.20201
-0.042199,0.27052
-0.042335,0.42404
-0.11024,0.50658
-0.12909,0.63392
-0.30004,0.60391
-0.2533,0.78538
-0.28622,0.88008
-0.43822,0.84772
-0.45629,0.94051
-0.48555,1.0126
-0.49244,1.0969
-0.72009,0.94976
-0.58825,1.1508
-0.67131,1.1254
-0.65034,1.192
-0.76651,1.1093
-0.75748,1.1395
-0.78304,1.1227
-0.81651,1.0856
-0.86275,1.0236
-0.78442,1.0742
-0.89924,0.91995
-0.86033,0.90821
-0.87058,0.83652
-0.80918,0.82627
-0.88545,0.66875
-0.82533,0.63871
-0.82879,0.53694
-0.92298,0.33709
-0.79655,0.35137
-0.87171,0.15845
-0.83936,0.068356
-0.79443,-0.012894
-0.74029,-0.087706
-0.5893,-0.067472
-0.67126,-0.28103
-0.52954,-0.27078
-0.62414,-0.49575
-0.512,-0.512
-0.35506,-0.48054
-0.43611,-0.68333
-0.26033,-0.6247
-0.29858,-0.77478
-0.24562,-0.82761
-0.12305,-0.80414
0.010014,-0.7629
0.042835,-0.81412
-0.052296,-0.98507
0.18402,-0.81598
0.21817,-0.84018
0.27186,-0.83576
0.2762,-0.87147
0.31454,-0.86392
0.43509,-0.76493
0.51895,-0.6935
0.44139,-0.77454
0.66158,-0.54915
0.658,-0.53914
0.77232,-0.40325
0.77208,-0.37439
0.70912,-0.4012
0.74745,-0.32026
0.86793,-0.15128
0.82505,-0.1404
0.89211,-0.015005
0.94322,0.098329
1.078,0.29854
0.93235,0.22072
1.0246,0.38258
1.1377,0.56628
1.1117,0.61118
1.1048,0.67474
1.1056,0.74503
1.1658,0.87287
1.0298,0.80228
1.0185,0.85346
1.0368,0.93083
1.0682,1.0174
1.0821,1.0821
1.0525,1.0986
1.0311,1.1184
1.0588,1.182
0.91475,1.0684
0.93681,1.1155
0.95589,1.154
0.74222,0.95413
0.77229,0.99257
0.80294,1.0263
0.60666,0.8279
0.56,0.77429
0.48858,0.69137
0.62548,0.81261
0.44884,0.61654
0.46126,0.60623
0.29236,0.41179
0.37426,0.46587
0.17865,0.24069
0.20861,0.23993
0.19873,0.19873
-0.00045642,-0.031774
0.047937,-0.014111
-0.14896,-0.24057
-0.2285,-0.34793
-0.12766,-0.27263
-0.22606,-0.39376
-0.27506,-0.46219
-0.48032,-0.68311
-0.46186,-0.67615
-0.49029,-0.71152
-0.6072,-0.83052
-0.54077,-0.76105
-0.52917,-0.74108
-0.75042,-0.94849
-0.77058,-0.94925
-0.73565,-0.88935
-0.75119,-0.87439
-0.86566,-0.95295
-0.86851,-0.91465
-0.80556,-0.80556
-0.81184,-0.76101
-0.98075,-0.87477
-0.85608,-0.69104
-0.81198,-0.58447
-0.90043,-0.60754
-0.87325,-0.51264
-0.87879,-0.44876
-0.83295,-0.33242
-0.78281,-0.21137
-0.93607,-0.29403
-0.92078,-0.20915
-0.84598,-0.06649
-0.73583,0.10907
-0.66649,0.24062
-0.78173,0.18373
-0.70609,0.31311
-0.71988,0.34783
-0.53421,0.57611
-0.45346,0.69301
-0.47449,0.70108
-0.46377,0.73337
-0.46416,0.74656
-0.33552,0.88042
-0.19659,1.0159
-0.21442,0.9856
-0.24624,0.93223
-0.075975,1.0717
-0.089252,1.0184
0.010805,1.0692
0.19397,1.194
0.2434,1.1762
0.17483,1.0318
0.34767,1.1206
0.30867,0.98975
0.35372,0.93571
0.44435,0.92055
0.59371,0.95809
0.66263,0.90985
0.57377,0.69926
0.7748,0.7748
0.76399,0.63561
0.80202,0.54325
0.77349,0.38326
0.89061,0.36878
0.85889,0.2063
1.0188,0.23723
1.0647,0.15697
0.97857,-0.051586
0.93035,-0.21757
1.1251,-0.13497
1.039,-0.32669
1.1745,-0.28957
1.0236,-0.53063
1.1961,-0.43935
1.0008,-0.70629
1.114,-0.65453
1.1654,-0.65382
1.1752,-0.68338
1.0296,-0.85673
0.96771,-0.9344
0.98729,-0.9184
1.034,-0.86294
1.0371,-0.83867
1.0324,-0.80991
0.87856,-0.91815
0.78485,-0.95425
0.80442,-0.86543
0.69806,-0.89131
0.7801,-0.71807
0.60243,-0.79438
0.72998,-0.55596
0.66098,-0.50532
0.42946,-0.60923
0.37501,-0.52894
0.50103,-0.26198
0.27865,-0.33817
0.22865,-0.23772
0.28002,-0.032693
0.25438,0.097485
0.088078,0.088078
0.06309,0.21999
0.039864,0.35258
-0.059372,0.407
-0.23606,0.38076
-0.12873,0.63428
-0.18864,0.71531
-0.2542,0.78449
-0.38863,0.77767
-0.34356,0.94238
-0.39541,1.0014
-0.62989,0.86828
-0.51396,1.0754
-0.68145,0.9884
-0.71673,1.0224
-0.68007,1.1166
-0.69957,1.1428
-0.78901,1.0868
-0.81662,1.0803
-0.73277,1.1729
-0.80919,1.0929
-0.8823,1.004
-0.86049,0.9981
-0.92226,0.89693
-0.90804,0.8605
-0.99999,0.70711
-0.89566,0.73979
-0.9679,0.5863
-0.82749,0.63655
-0.8739,0.49183
-0.92323,0.33685
-0.8511,0.29682
-0.75494,0.27522
-0.74857,0.15915
-0.72749,0.054052
-0.73274,-0.080156
-0.67898,-0.15715
-0.58773,-0.1975
-0.59847,-0.3397
-0.46417,-0.33579
-0.39663,-0.39663
-0.52475,-0.65023
-0.3379,-0.58511
-0.29215,-0.65652
-0.23163,-0.70783
-0.20169,-0.78368
-0.19692,-0.87801
-0.14668,-0.91959
-0.070766,-0.92772
0.1073,-0.82547
0.10851,-0.89149
0.15741,-0.90094
0.13787,-0.96975
0.22519,-0.92249
0.2858,-0.89267
0.36082,-0.8392
0.44032,-0.77214
0.53396,-0.68198
0.48562,-0.7251
0.62891,-0.56823
0.67944,-0.49613
0.76331,-0.38316
0.84124,-0.26909
0.79805,-0.26966
0.82225,-0.19696
0.97414,0.0086881
0.85259,-0.054529
0.97255,0.12766
1.0524,0.27291
1.039,0.32738
1.0728,0.43074
1.1582,0.58676
1.0774,0.5769
1.003,0.57298
1.0947,0.73411
1.1215,0.82864
1.0785,0.85095
1.0918,0.92679
1.1207,1.0148
1.167,1.1162
1.0195,1.0195
1.0639,1.11
1.0234,1.1107
0.87756,1.0008
0.9473,1.101
0.84542,1.0241
0.92787,1.1259
0.88725,1.0992
0.73346,0.95374
0.6482,0.87151
0.73309,0.95432
0.67728,0.89156
0.62656,0.82935
0.50945,0.69658
0.45271,0.62041
0.39126,0.53623
0.43061,0.55004
0.19767,0.28928
0.19246,0.25451
0.082503,0.11382
0.15245,0.15245
-0.0022855,-0.033603
-0.045287,-0.10734
-0.092785,-0.1844
-0.17619,-0.29563
-0.28041,-0.42538
-0.19875,-0.36645
-0.339,-0.52612
-0.43407,-0.63686
-0.36669,-0.58097
-0.48104,-0.70227
-0.47787,-0.70118
-0.65321,-0.87349
-0.54433,-0.75624
-0.75396,-0.95203
-0.76951,-0.94819
-0.71206,-0.86576
-0.7416,-0.8648
-0.72607,-0.81336
-0.77264,-0.81878
-0.90879,-0.90879
-0.94391,-0.89309
-0.96461,-0.85863
-0.95401,-0.78898
-0.8628,-0.63529
-0.83112,-0.53823
-0.92277,-0.56217
-0.89941,-0.46938
-0.8832,-0.38267
-0.91708,-0.34564
-0.79777,-0.15573
-0.73044,-0.018808
-0.8637,-0.084207
-0.71561,0.12929
-0.83811,0.069005
-0.80899,0.15646
-0.71678,0.30242
-0.71698,0.35073
-0.63439,0.47593
-0.54499,0.60148
-0.53481,0.64076
-0.44268,0.75446
-0.39228,0.81844
-0.37831,0.83763
-0.2154,0.99705
-0.12285,1.0772
-0.19551,0.98295
-0.056341,1.0913
-0.025672,1.0819
0.095851,1.1542
0.18578,1.1858
0.1721,1.1049
0.15031,1.0073
0.28717,1.0601
0.34458,1.0257
0.39562,0.97761
0.43953,0.91573
0.47818,0.84256
0.5658,0.81301
0.60195,0.72743
0.74037,0.74037
0.67996,0.55157
0.69433,0.43556
0.74205,0.35182
0.93261,0.41079
0.81881,0.16623
1.0354,0.25384
0.98348,0.07576
1.067,0.036811
0.99044,-0.15747
1.027,-0.23312
1.1427,-0.22304
1.1282,-0.33588
1.0228,-0.53136
1.195,-0.44042
1.0555,-0.65162
1.141,-0.62752
1.1256,-0.69362
1.0288,-0.82976
1.0426,-0.84377
0.99981,-0.90231
0.99869,-0.907
0.95159,-0.94535
0.9202,-0.95561
0.97919,-0.86317
0.92396,-0.87274
0.80431,-0.93478
0.73206,-0.93779
0.84357,-0.7458
0.78088,-0.71729
0.59857,-0.79824
0.62252,-0.66341
0.52744,-0.63887
0.44979,-0.58889
0.38675,-0.5172
0.37182,-0.39119
0.43506,-0.18176
0.31983,-0.14654
0.18124,-0.13147
0.12053,-0.03637
0.12512,0.12512
-0.044505,0.11239
-0.011087,0.30163
-0.012497,0.45388
-0.16311,0.4537
-0.1463,0.61671
-0.17712,0.72683
-0.26302,0.77566
-0.32535,0.84095
-0.36618,0.91976
-0.50837,0.88843
-0.54065,0.95752
-0.61662,0.97276
-0.5757,1.0942
-0.64642,1.0927
-0.79593,1.0008
-0.81672,1.0256
-0.71157,1.1642
-0.70987,1.1871
-0.73555,1.1701
-0.80294,1.0992
-0.78276,1.1036
-0.98129,0.8773
-0.97687,0.84232
-0.81395,0.95459
-0.89884,0.80827
-0.98723,0.64822
-0.97665,0.57755
-0.80521,0.65883
-0.80402,0.56171
-0.93785,0.32223
-0.89252,0.2554
-0.73489,0.29527
-0.84005,0.067668
-0.68516,0.096378
-0.63915,0.013434
-0.6752,-0.15337
-0.59996,-0.20973
-0.58708,-0.32832
-0.45193,-0.32354
-0.46961,-0.46961
-0.43664,-0.56213
-0.42856,-0.67578
-0.42249,-0.78686
-0.20641,-0.68261
-0.2984,-0.88039
-0.16145,-0.84254
-0.10904,-0.88196
-0.067547,-0.9245
0.052345,-0.88043
0.14549,-0.85451
0.16064,-0.89771
0.13923,-0.96839
0.2466,-0.90107
0.43385,-0.74461
0.40283,-0.7972
0.49032,-0.72214
0.45494,-0.76099
0.61223,-0.5985
0.67638,-0.52076
0.59471,-0.58086
0.67288,-0.47358
0.85442,-0.25591
0.83035,-0.23736
0.81452,-0.20468
0.93755,-0.027898
0.86111,-0.046006
0.91748,0.072589
0.99599,0.2165
1.0163,0.30468
1.0438,0.40176
0.98776,0.41632
1.1636,0.66302
1.0914,0.66137
1.0489,0.68829
1.0306,0.73775
1.1334,0.90585
1.1658,1.0008
1.0279,0.92194
1.0751,1.0243
0.97269,0.97269
1.0354,1.0816
1.072,1.1593
1.0182,1.1414
0.92359,1.0773
0.96727,1.1459
0.77991,0.97798
0.87872,1.0906
0.71451,0.93479
0.70835,0.93167
0.74265,0.96389
0.68395,0.89824
0.55638,0.75918
0.59219,0.77931
0.46655,0.63425
0.49264,0.63761
0.39651,0.51594
0.20166,0.29327
0.14256,0.20461
0.11001,0.14133
0.075088,0.075088
0.053284,0.021966
-0.0044456,-0.066494
-0.13823,-0.22984
-0.10117,-0.2206
-0.15486,-0.29983
-0.22962,-0.39733
-0.25715,-0.44428
-0.34021,-0.543
-0.37516,-0.58944
-0.42487,-0.6461
-0.56304,-0.78636
-0.60652,-0.8268
-0.7275,-0.93942
-0.57239,-0.77046
-0.7918,-0.97047
-0.71198,-0.86568
-0.73172,-0.85492
-0.79342,-0.88071
-0.87997,-0.92611
-0.92054,-0.92054
-0.90195,-0.85112
-0.93768,-0.8317
-0.96649,-0.80146
-0.94765,-0.72013
-0.92206,-0.62917
-0.9307,-0.5701
-0.83693,-0.4069
-0.88119,-0.38066
-0.96798,-0.39654
-0.84679,-0.20476
-0.91354,-0.20191
-0.73336,0.04613
-0.71538,0.12951
-0.66385,0.24327
-0.7472,0.21825
-0.63071,0.3885
-0.68277,0.38494
-0.65901,0.45131
-0.60148,0.54498
-0.49249,0.68309
-0.41184,0.7853
-0.42515,0.78558
-0.24041,0.97553
-0.28455,0.92791
-0.25799,0.94203
-0.16578,1.0127
-0.060208,1.0875
0.022686,1.1303
-0.027324,1.031
0.18545,1.1855
0.17682,1.1096
0.1819,1.0389
0.38445,1.1574
0.39768,1.0788
0.46713,1.0491
0.52267,0.99887
0.51541,0.87979
0.49888,0.7461
0.71994,0.84542
0.7574,0.7574
0.66374,0.53536
0.78224,0.52348
0.9036,0.51337
0.93621,0.41438
0.86526,0.21268
1.0104,0.22891
0.98678,0.079067
1.0919,0.061777
1.1191,-0.028806
0.98323,-0.27684
1.0653,-0.30046
1.0235,-0.44057
1.0953,-0.45887
1.1524,-0.48302
1.1359,-0.5712
1.1589,-0.6096
1.0062,-0.81301
1.1416,-0.71698
1.1158,-0.77053
1.098,-0.80411
1.0635,-0.84224
1.0547,-0.84227
0.88739,-0.98842
1.0289,-0.81341
0.97358,-0.82312
0.88582,-0.85328
0.77891,-0.89094
0.71407,-0.8753
0.75963,-0.73854
0.66519,-0.73161
0.72792,-0.55802
0.53167,-0.63463
0.4687,-0.56999
0.42916,-0.47479
0.46815,-0.29486
0.25244,-0.36438
0.25337,-0.21301
0.17618,-0.13654
0.097668,-0.059231
0.14753,0.14753
0.078539,0.23544
-0.078805,0.23391
-0.16005,0.30632
-0.18327,0.43354
-0.13531,0.6277
-0.17481,0.72915
-0.37604,0.66265
-0.4652,0.7011
-0.49188,0.79406
-0.52833,0.86847
-0.63352,0.86465
-0.58908,1.0003
-0.70558,0.96427
-0.63684,1.1023
-0.76478,1.0319
-0.80814,1.0342
-0.87478,1.001
-0.72444,1.1725
-0.92124,0.98445
-0.80021,1.1019
-0.96621,0.92013
-0.88442,0.97418
-0.94702,0.87217
-0.85626,0.91228
-0.97833,0.72878
-0.86154,0.77391
-0.98874,0.56546
-0.96314,0.5009
-0.86965,0.49608
-0.89474,0.36534
-0.74434,0.40358
-0.88785,0.14231
-0.73742,0.1703
-0.79987,-0.018333
-0.78457,-0.13199
-0.73018,-0.20836
-0.54298,-0.15275
-0.49971,-0.24094
-0.49579,-0.36741
-0.48168,-0.48168
-0.34376,-0.46924
-0.40029,-0.64751
-0.42304,-0.78741
-0.26128,-0.73748
-0.28734,-0.86933
-0.10957,-0.79065
-0.13436,-0.90728
-0.11141,-0.96837
0.11114,-0.82163
0.15947,-0.84053
0.10335,-0.95501
0.24853,-0.85909
0.23605,-0.91163
0.39805,-0.78042
0.3935,-0.80652
0.52375,-0.6887
0.58036,-0.63558
0.53785,-0.67287
0.62441,-0.57273
0.75784,-0.41773
0.81324,-0.33322
0.74817,-0.36215
0.91872,-0.14899
0.85229,-0.16691
0.98471,0.019256
0.98762,0.080505
0.94931,0.10441
0.96634,0.18685
1.0227,0.31106
1.0299,0.38784
1.1595,0.58805
1.0382,0.53764
1.1852,0.7552
1.0467,0.68613
1.1454,0.85256
1.1893,0.96183
1.124,0.959
1.1784,1.0724
1.0476,0.99678
1.0284,1.0284
0.95977,1.0059
1.0045,1.0918
1.0483,1.1715
0.88855,1.0422
0.93225,1.1109
0.93047,1.1285
0.73702,0.94893
0.74974,0.97002
0.73495,0.95826
0.73433,0.95556
0.66192,0.87621
0.53616,0.73896
0.52132,0.70844
0.53539,0.70309
0.36899,0.51396
0.39501,0.51445
0.27905,0.37066
0.12884,0.19088
0.20218,0.2335
0.079781,0.079781
0.058542,0.027224
0.031563,-0.030486
-0.11095,-0.20256
-0.21753,-0.33696
-0.12631,-0.27128
-0.26174,-0.42945
-0.30809,-0.49522
-0.32044,-0.52324
-0.5089,-0.72318
-0.569,-0.79023
-0.50365,-0.72697
-0.5953,-0.81558
-0.57047,-0.78238
-0.73593,-0.934
-0.628,-0.80667
-0.7778,-0.9315
-0.71181,-0.83501
-0.72657,-0.81386
-0.8839,-0.93004
-0.8232,-0.8232
-0.79239,-0.74157
-0.80088,-0.6949
-0.80151,-0.63647
-0.9413,-0.71379
-0.94073,-0.64783
-0.96043,-0.59983
-0.92335,-0.49332
-0.97576,-0.47522
-0.95644,-0.385
-0.88808,-0.24604
-0.83971,-0.12808
-0.87092,-0.091431
-0.755,0.089893
-0.77634,0.13078
-0.71132,0.25413
-0.66992,0.34928
-0.64588,0.42183
-0.56954,0.54079
-0.50896,0.63751
-0.4845,0.69107
-0.37419,0.82295
-0.44622,0.7645
-0.40403,0.8119
-0.17252,1.0399
-0.27378,0.92624
-0.11825,1.0602
-0.022473,1.1252
-0.060911,1.0467
-0.018177,1.0402
0.022221,1.0222
0.086128,1.0189
0.1607,1.0177
0.35236,1.1253
0.32016,1.0012
0.46109,1.0431
0.38312,0.85932
0.61565,0.98002
0.668,0.91522
0.6098,0.73529
0.687,0.687
0.81343,0.68505
0.76319,0.50442
0.84661,0.45638
0.8813,0.35948
0.82622,0.17364
1.0432,0.26168
0.98753,0.079808
1.007,-0.023189
1.0121,-0.13586
1.0024,-0.25766
1.1603,-0.20548
0.98615,-0.47789
1.0956,-0.45857
1.1264,-0.50904
1.1968,-0.51029
1.1896,-0.57894
1.1204,-0.69876
1.0063,-0.85233
1.0382,-0.84817
1.0239,-0.87823
1.0046,-0.90107
1.0335,-0.86349
0.92582,-0.94999
1.0344,-0.80798
0.93241,-0.8643
0.93743,-0.80166
0.91931,-0.75054
0.78004,-0.80933
0.68295,-0.81521
0.75062,-0.64618
0.57595,-0.70999
0.53398,-0.63232
0.45686,-0.58183
0.4789,-0.42505
0.48748,-0.27553
0.28295,-0.33386
0.3635,-0.10287
0.19171,-0.12101
0.11244,-0.044454
0.1785,0.1785
-0.042834,0.11407
-0.1213,0.19141
-0.18096,0.28541
-0.1222,0.49462
-0.19971,0.5633
-0.29028,0.61367
-0.24623,0.79245
-0.30255,0.86375
-0.44623,0.83971
-0.40964,0.98716
-0.52694,0.97122
-0.54472,1.0447
-0.69152,0.97833
-0.59139,1.1477
-0.61017,1.1865
-0.74774,1.0946
-0.81934,1.0565
-0.87042,1.0265
-0.7864,1.1193
-0.94646,0.95566
-0.88604,1.0003
-0.94501,0.91359
-0.9831,0.83609
-0.92956,0.83898
-0.84266,0.86445
-0.98218,0.65328
-0.85719,0.69701
-0.85051,0.61353
-0.9188,0.44693
-0.82816,0.43191
-0.76698,0.38094
-0.8767,0.15346
-0.78162,0.1261
-0.8071,-0.025563
-0.63797,0.014616
-0.63966,-0.11784
-0.5922,-0.20197
-0.64652,-0.38775
-0.61845,-0.49007
-0.54564,-0.54564
-0.39899,-0.52448
-0.35704,-0.60425
-0.34916,-0.71354
-0.31672,-0.79293
-0.27001,-0.852
-0.089686,-0.77077
-0.13538,-0.9083
-0.017268,-0.87422
-0.014011,-0.94678
0.14124,-0.85876
0.11924,-0.93911
0.25828,-0.84934
0.19697,-0.9507
0.36187,-0.81659
0.33432,-0.8657
0.4488,-0.76365
0.59704,-0.61889
0.59261,-0.61811
0.62718,-0.56996
0.70674,-0.46883
0.83468,-0.31178
0.8024,-0.30793
0.87019,-0.19752
0.81557,-0.20363
0.98179,0.016338
0.9175,0.010383
0.8874,0.042505
1.1006,0.32106
0.94893,0.2373
1.0373,0.39528
1.0981,0.52664
1.1702,0.66969
1.1509,0.72088
1.0432,0.68261
1.0833,0.79045
1.0791,0.85158
1.03,0.86495
1.1106,1.0046
1.0217,0.97092
1.0992,1.0992
0.93511,0.98125
0.95515,1.0424
0.90668,1.0299
0.8724,1.0261
0.85829,1.037
0.83045,1.0285
0.82293,1.0348
0.84736,1.0676
0.77419,0.99751
0.67947,0.9007
0.69085,0.90514
0.58188,0.78467
0.55846,0.74559
0.37016,0.53786
0.50098,0.64595
0.40854,0.52798
0.35171,0.44332
0.22997,0.29202
0.16926,0.20058
0.11316,0.11316
0.053612,0.022295
-0.10252,-0.16457
-0.17425,-0.26586
-0.053079,-0.17251
-0.15978,-0.30476
-0.32572,-0.49342
-0.23173,-0.41886
-0.28205,-0.48484
-0.52146,-0.73575
-0.47845,-0.69968
-0.51687,-0.74019
-0.58593,-0.80621
-0.57015,-0.78206
-0.63401,-0.83208
-0.79618,-0.97485
-0.73174,-0.88544
-0.69782,-0.82102
-0.85445,-0.94174
-0.89296,-0.9391
-0.86421,-0.86421
-0.87188,-0.82105
-0.94034,-0.83436
-0.80597,-0.64094
-0.9341,-0.70659
-0.80907,-0.51618
-0.84117,-0.48057
-0.82514,-0.3951
-0.97391,-0.47338
-0.82978,-0.25835
-0.90589,-0.26385
-0.82812,-0.11649
-0.87007,-0.090579
-0.71671,0.12819
-0.75716,0.14995
-0.75866,0.2068
-0.65252,0.36668
-0.57459,0.49312
-0.52456,0.58577
-0.49462,0.65185
-0.49337,0.6822
-0.38549,0.81165
-0.42632,0.7844
-0.38941,0.82653
-0.34422,0.86823
-0.19201,1.008
-0.074531,1.1039
0.0065845,1.1543
-0.050532,1.0571
0.13461,1.193
0.024606,1.0246
0.14138,1.0742
0.15487,1.0118
0.21462,0.98754
0.43974,1.1208
0.33236,0.91435
0.41189,0.8881
0.45553,0.8199
0.49469,0.7419
0.6087,0.73418
0.71297,0.71297
0.68435,0.55597
0.85217,0.5934
0.79113,0.4009
0.85878,0.33696
0.90842,0.25583
1.0285,0.24692
0.97792,0.070204
1.0847,0.054582
0.96473,-0.18319
1.0654,-0.19467
1.0058,-0.35993
1.1638,-0.30022
1.0151,-0.53905
1.095,-0.54044
1.0945,-0.61263
1.1642,-0.60434
1.0036,-0.81561
1.1386,-0.72001
1.0119,-0.87444
0.95766,-0.94445
1.1166,-0.78906
1.0454,-0.85155
0.96266,-0.91315
0.92289,-0.91946
0.99566,-0.80104
0.87551,-0.86359
0.76458,-0.90527
0.75031,-0.83907
0.75962,-0.73854
0.59925,-0.79755
0.69611,-0.58983
0.67576,-0.49054
0.59474,-0.44395
0.51813,-0.38582
0.49514,-0.26787
0.2526,-0.36422
0.37302,-0.093357
0.24692,-0.065799
0.21701,0.060113
0.1983,0.1983
-0.016736,0.14016
-0.063789,0.24893
-0.033553,0.43282
-0.09743,0.51938
-0.11735,0.64566
-0.18741,0.71654
-0.41873,0.61996
-0.30649,0.85981
-0.38046,0.90547
-0.53911,0.85769
-0.57799,0.92018
-0.49377,1.0956
-0.68657,0.98328
-0.69456,1.0445
-0.77897,1.0177
-0.81643,1.0259
-0.77876,1.097
-0.75883,1.1381
-0.76907,1.1366
-0.84402,1.0581
-0.83843,1.0479
-0.8748,0.9838
-0.97934,0.83986
-0.94321,0.82533
-0.99013,0.71698
-0.80871,0.82674
-0.92372,0.63048
-0.89642,0.56762
-0.80349,0.56224
-0.80175,0.45832
-0.75142,0.3965
-0.86035,0.16981
-0.85491,0.052803
-0.78515,-0.0036136
-0.66209,-0.0095036
-0.58467,-0.062845
-0.67147,-0.28124
-0.62169,-0.36292
-0.55228,-0.4239
-0.52662,-0.52662
-0.3494,-0.47488
-0.32772,-0.57494
-0.24025,-0.60463
-0.28574,-0.76195
-0.18545,-0.76744
-0.2346,-0.91568
-0.1742,-0.94712
-0.018559,-0.87551
0.0018041,-0.93097
0.15192,-0.84808
0.072985,-0.98537
0.29082,-0.8168
0.18829,-0.95938
0.2798,-0.89866
0.32035,-0.87967
0.50135,-0.7111
0.50504,-0.71089
0.50361,-0.70711
0.61822,-0.57892
0.78507,-0.3905
0.74961,-0.39685
0.73658,-0.37374
0.81502,-0.25269
0.83049,-0.18871
0.97913,0.013675
0.98135,0.074227
1.0757,0.23076
0.96085,0.18136
1.0839,0.37227
1.0643,0.42223
0.99257,0.42113
1.109,0.60845
1.0202,0.59016
1.0524,0.69177
1.1762,0.88329
1.1378,0.91024
1.1629,0.99788
1.0545,0.94853
1.0094,0.95853
1.1196,1.1196
1.071,1.1171
1.0248,1.1121
0.91939,1.0426
0.96258,1.1163
0.85245,1.0311
0.88616,1.0842
0.75984,0.97175
0.7356,0.95588
0.76632,0.98964
0.65871,0.87994
0.73033,0.94462
0.59603,0.79882
0.48794,0.67507
0.51369,0.68139
0.31187,0.45684
0.29642,0.41586
0.27601,0.36762
0.18216,0.24421
0.14649,0.17781
0.068628,0.068628
0.050578,0.01926
0.068206,0.0061577
-0.1136,-0.20521
-0.13202,-0.25146
-0.2827,-0.42768
-0.18951,-0.35722
-0.35698,-0.5441
-0.45327,-0.65606
-0.41834,-0.63263
-0.57482,-0.79605
-0.52704,-0.75035
-0.66684,-0.88712
-0.58055,-0.79246
-0.75534,-0.95341
-0.80192,-0.98059
-0.79887,-0.95257
-0.75862,-0.88182
-0.72694,-0.81422
-0.79971,-0.84585
-0.91707,-0.91707
-0.82515,-0.77432
-0.9756,-0.86962
-0.89878,-0.73375
-0.85851,-0.63099
-0.83121,-0.53832
-0.97234,-0.61173
-0.87746,-0.44743
-0.94401,-0.44348
-0.80743,-0.23599
-0.93591,-0.29387
-0.805,-0.093367
-0.82485,-0.04536
-0.75,0.094895
-0.80895,0.098167
-0.76482,0.20063
-0.72327,0.29594
-0.55291,0.5148
-0.51195,0.59838
-0.62086,0.5256
-0.56449,0.61108
-0.50955,0.68759
-0.40629,0.80443
-0.36565,0.85028
-0.24101,0.97145
-0.14608,1.0539
-0.21868,0.95978
-0.042163,1.1055
0.060004,1.1676
0.039718,1.0981
0.089439,1.0894
0.23115,1.1639
0.1532,1.0102
0.32915,1.1021
0.28143,0.96252
0.42718,1.0092
0.47824,0.95444
0.59238,0.95675
0.62411,0.87132
0.68617,0.81166
0.66238,0.66238
0.6595,0.53111
0.88316,0.6244
0.75261,0.36237
0.83215,0.31033
0.83316,0.18058
0.90312,0.12158
1.0251,0.11734
1.0301,-2.2126e-05
1.0677,-0.080225
1.1343,-0.12582
1.0928,-0.27289
1.0317,-0.43232
1.0178,-0.53639
1.1808,-0.45466
1.1596,-0.54746
1.0803,-0.68821
1.1481,-0.67106
1.0962,-0.76236
0.97755,-0.90879
1.021,-0.88116
1.0827,-0.82295
0.94014,-0.9568
1.0418,-0.83402
0.85669,-0.98567
0.83248,-0.96423
0.8301,-0.90899
0.88728,-0.78257
0.78781,-0.80156
0.6586,-0.83956
0.60916,-0.78764
0.70944,-0.5765
0.5151,-0.6512
0.42704,-0.61165
0.44269,-0.46126
0.40737,-0.35564
0.33433,-0.28248
0.35482,-0.11155
0.16205,-0.15067
0.1316,-0.025296
0.10703,0.10703
0.13617,0.29307
0.017841,0.33056
-0.077738,0.38863
-0.10282,0.51399
-0.12853,0.63447
-0.19555,0.7084
-0.29484,0.74384
-0.35749,0.80881
-0.43643,0.84951
-0.46001,0.9368
-0.55821,0.93995
-0.48675,1.1026
-0.64457,1.0253
-0.71429,1.0248
-0.74324,1.0535
-0.82435,1.018
-0.79968,1.0761
-0.80007,1.0969
-0.75027,1.1554
-0.78769,1.1144
-0.87076,1.0156
-0.78714,1.0715
-0.98109,0.83811
-0.97781,0.79073
-0.95731,0.7498
-0.86225,0.7732
-0.81145,0.74275
-0.96754,0.4965
-0.90992,0.45581
-0.94553,0.31454
-0.89072,0.2572
-0.81092,0.21924
-0.78826,0.11946
-0.84309,-0.061555
-0.78426,-0.13167
-0.58205,-0.060229
-0.62594,-0.23571
-0.49849,-0.23972
-0.54464,-0.41626
-0.50894,-0.50894
-0.39821,-0.52369
-0.39417,-0.64138
-0.37278,-0.73715
-0.29054,-0.76674
-0.30685,-0.88884
-0.078073,-0.75916
-0.14868,-0.92159
-0.073006,-0.92996
-0.035154,-0.96793
0.1532,-0.8468
0.16624,-0.89211
0.32034,-0.78728
0.27828,-0.8694
0.41694,-0.76153
0.47714,-0.72288
0.37325,-0.8392
0.47354,-0.7424
0.6778,-0.53292
0.68113,-0.51601
0.74832,-0.42725
0.68084,-0.46563
0.77448,-0.33585
0.8806,-0.18711
0.80144,-0.21776
0.82572,-0.13973
0.98045,0.073331
0.87894,0.034041
1.0311,0.25157
1.0593,0.34762
1.0779,0.43591
1.1468,0.5754
1.0913,0.59078
1.0971,0.66707
1.1028,0.74225
1.0346,0.74169
1.1601,0.93256
1.0318,0.86675
1.1347,1.0287
1.0047,0.95391
0.96266,0.96266
1.026,1.0721
1.03,1.1172
1.069,1.1922
0.89049,1.0442
0.92672,1.1054
0.92606,1.1241
0.85995,1.0719
0.79791,1.0182
0.76333,0.98665
0.77285,0.99409
0.57024,0.78453
0.53565,0.73844
0.56604,0.75316
0.52952,0.69722
0.36268,0.50766
0.34181,0.46125
0.24856,0.34017
0.15508,0.21712
0.13528,0.1666
0.043251,0.043251
0.10051,0.069191
-0.10809,-0.17013
-0.089823,-0.18143
-0.11641,-0.23584
-0.21311,-0.35808
-0.32491,-0.49261
-0.25892,-0.44605
-0.30514,-0.50793
-0.35899,-0.57328
-0.5828,-0.80403
-0.60106,-0.82438
-0.6317,-0.85198
-0.62172,-0.83363
-0.61025,-0.80832
-0.75357,-0.93225
-0.76301,-0.91671
-0.75255,-0.87575
-0.76437,-0.85166
-0.92933,-0.97547
-0.79784,-0.79784
-0.79743,-0.74661
-0.80175,-0.69577
-0.96304,-0.79801
-0.81044,-0.58292
-0.81943,-0.52653
-0.90943,-0.54883
-0.88983,-0.4598
-0.90197,-0.40143
-0.78479,-0.21335
-0.89663,-0.25459
-0.76083,-0.049197
-0.82229,-0.042797
-0.6827,0.16219
-0.79378,0.11334
-0.66963,0.29582
-0.74303,0.27617
-0.60615,0.46155
-0.63896,0.47136
-0.59823,0.54824
-0.50189,0.67368
-0.36295,0.83418
-0.41558,0.79514
-0.27134,0.9446
-0.23501,0.97744
-0.22903,0.97099
-0.051346,1.1271
-0.058737,1.0889
-0.031796,1.0758
-0.04077,1.0176
0.052118,1.0521
0.20581,1.1386
0.12924,0.98619
0.38276,1.1557
0.43861,1.1197
0.36797,0.94996
0.42131,0.89752
0.52581,0.89018
0.6514,0.89861
0.5422,0.66768
0.75649,0.75649
0.75256,0.62418
0.85635,0.59759
0.75178,0.36155
0.93906,0.41724
0.90627,0.25369
0.89349,0.11195
1.0309,0.12316
0.9787,-0.051459
0.94129,-0.20663
1.1047,-0.15536
1.1466,-0.21915
1.0924,-0.37167
1.0964,-0.45779
1.1447,-0.49073
1.1602,-0.54691
1.0393,-0.72923
1.1709,-0.6483
0.98975,-0.86885
1.051,-0.83535
1.144,-0.75807
0.99167,-0.91403
0.94153,-0.95541
0.89474,-0.98107
1.0291,-0.81328
0.81519,-0.98152
0.88096,-0.85813
0.79354,-0.87631
0.84861,-0.74076
0.77527,-0.72289
0.63339,-0.76341
0.67733,-0.60861
0.57589,-0.59041
0.59913,-0.43956
0.4555,-0.44845
0.33273,-0.43027
0.25273,-0.36409
0.21311,-0.25326
0.27455,-0.038166
0.24028,0.083379
0.19178,0.19178
0.070324,0.22722
0.069076,0.38179
-0.17046,0.29591
-0.21193,0.40488
-0.17338,0.58963
-0.21414,0.68981
-0.24952,0.78917
-0.44829,0.71801
-0.53238,0.75356
-0.52216,0.87465
-0.63315,0.86501
-0.52306,1.0663
-0.69192,0.97793
-0.61679,1.1223
-0.71533,1.0814
-0.65071,1.1916
-0.72944,1.1464
-0.90212,0.99482
-0.75173,1.154
-0.77133,1.1308
-0.8911,0.99524
-0.95935,0.89924
-0.84001,0.97919
-0.91527,0.85327
-0.96892,0.73819
-0.94749,0.68796
-0.81382,0.74038
-0.87503,0.58901
-0.8965,0.46923
-0.87847,0.38161
-0.83433,0.31359
-0.82228,0.20788
-0.77894,0.12877
-0.8194,-0.037861
-0.64111,0.011474
-0.76314,-0.24132
-0.66632,-0.27609
-0.49101,-0.23224
-0.50493,-0.37655
-0.46325,-0.46325
-0.35243,-0.47791
-0.32407,-0.57129
-0.38896,-0.75334
-0.23222,-0.70842
-0.21159,-0.79358
-0.17897,-0.86006
-0.056015,-0.82893
0.056944,-0.80001
-0.0015531,-0.93432
0.12064,-0.87936
0.15332,-0.90503
0.2679,-0.83972
0.27411,-0.87357
0.44079,-0.73767
0.34497,-0.85505
0.53519,-0.67727
0.54405,-0.67188
0.64241,-0.56831
0.62847,-0.56867
0.7794,-0.39617
0.69531,-0.45115
0.70884,-0.40149
0.81176,-0.25595
0.88194,-0.13726
0.87315,-0.092301
0.92372,0.0166
0.92683,0.081938
1.029,0.24947
1.077,0.36535
0.95209,0.31005
0.98404,0.4126
1.1099,0.60936
1.1352,0.70515
0.99952,0.63892
1.166,0.87315
1.1664,0.93885
1.0442,0.87919
1.0703,0.96437
1.0108,0.95999
1.1387,1.1387
1.0281,1.0743
0.95759,1.0449
1.0295,1.1527
0.99233,1.146
0.92526,1.1039
0.95298,1.1511
0.86299,1.0749
0.81322,1.0335
0.80637,1.0297
0.78314,1.0044
0.56184,0.77613
0.67457,0.87736
0.60998,0.79711
0.44725,0.61495
0.48852,0.63349
0.30567,0.42511
0.21617,0.30778
0.25452,0.31657
0.1073,0.13861
0.090511,0.090511
0.099433,0.068115
0.0034409,-0.058607
-0.11165,-0.20326
-0.23818,-0.35761
-0.19476,-0.33973
-0.25664,-0.42435
-0.36085,-0.54798
-0.40567,-0.60846
-0.52392,-0.7382
-0.53627,-0.75751
-0.50947,-0.73279
-0.65839,-0.87867
-0.54028,-0.7522
-0.71391,-0.91198
-0.7319,-0.91057
-0.7888,-0.9425
-0.86334,-0.98654
-0.77029,-0.85757
-0.88168,-0.92782
-0.90915,-0.90915
-0.89357,-0.84274
-0.96343,-0.85745
-0.92366,-0.75863
-0.85257,-0.62506
-0.80755,-0.51465
-0.88038,-0.51977
-0.85457,-0.42454
-0.89266,-0.39212
-0.83226,-0.26082
-0.86381,-0.22177
-0.84093,-0.12929
-0.74455,0.034948
-0.72678,0.11812
-0.7553,0.15182
-0.79288,0.17257
-0.65355,0.36565
-0.5849,0.4828
-0.66119,0.44914
-0.57961,0.56685
-0.51713,0.65844
-0.35839,0.83874
-0.44847,0.76225
-0.27152,0.94442
-0.33155,0.8809
-0.23376,0.96626
-0.12141,1.0571
0.0085625,1.1562
-0.055093,1.0525
0.0026236,1.061
0.016102,1.0161
0.13636,1.0691
0.25225,1.1092
0.30939,1.0823
0.36068,1.0418
0.38809,0.97008
0.47997,0.95617
0.46106,0.82544
0.5878,0.83502
0.54318,0.66866
0.72769,0.72769
0.67736,0.54898
0.80861,0.54984
0.77626,0.38603
0.89344,0.37161
0.9396,0.28702
0.94132,0.15978
0.9963,0.088584
0.91423,-0.11593
0.99744,-0.15048
1.0141,-0.24596
0.97982,-0.38591
1.1165,-0.34755
1.0933,-0.46089
1.0865,-0.54896
1.101,-0.6061
1.0531,-0.71549
1.0888,-0.73045
0.99611,-0.86249
1.0933,-0.79299
1.0869,-0.8152
1.1158,-0.78994
1.0023,-0.89469
0.99778,-0.87803
0.86052,-0.98184
0.91997,-0.87673
0.95617,-0.78293
0.91013,-0.75972
0.81435,-0.77502
0.78899,-0.70917
0.67172,-0.72508
0.67577,-0.61017
0.67739,-0.48891
0.58982,-0.44887
0.54596,-0.35799
0.32485,-0.43816
0.4055,-0.21131
0.2061,-0.26028
0.17383,-0.13888
0.18814,0.031241
0.085623,0.085623
0.088042,0.24494
-0.079166,0.23355
-0.039387,0.42699
-0.19089,0.42592
-0.15102,0.61199
-0.25281,0.65115
-0.35049,0.6882
-0.42553,0.74078
-0.38651,0.89943
-0.4887,0.9081
-0.48564,1.0125
-0.6554,0.93397
-0.69759,0.97226
-0.61359,1.1255
-0.68381,1.1129
-0.80188,1.0405
-0.78464,1.0912
-0.71542,1.1815
-0.8839,1.0218
-0.92184,0.98027
-0.96612,0.92022
-0.95492,0.90367
-0.83045,0.98875
-0.80735,0.96119
-0.80671,0.9004
-0.979,0.65645
-0.95113,0.60307
-0.83798,0.62606
-0.85142,0.51431
-0.81264,0.44743
-0.8055,0.34242
-0.79399,0.23617
-0.68228,0.22543
-0.71673,0.064805
-0.79688,-0.1443
-0.69891,-0.17708
-0.65795,-0.26772
-0.58236,-0.32359
-0.47183,-0.34345
-0.50081,-0.50081
-0.40528,-0.53076
-0.46679,-0.714
-0.35447,-0.71885
-0.2126,-0.6888
-0.15059,-0.73258
-0.066701,-0.74779
-0.14308,-0.91599
-0.027623,-0.88458
0.029575,-0.9032
0.079938,-0.92006
0.11257,-0.94578
0.19925,-0.90837
0.31877,-0.82891
0.36782,-0.81065
0.48283,-0.71719
0.45476,-0.75769
0.57158,-0.64435
0.56165,-0.64907
0.67322,-0.52392
0.7104,-0.46517
0.76641,-0.38005
0.84278,-0.26754
0.85462,-0.21308
0.82579,-0.19341
0.82898,-0.13647
0.99278,0.085657
0.91853,0.073632
0.90963,0.13014
0.96581,0.25418
1.0467,0.40467
1.0851,0.51368
1.0268,0.52627
1.0308,0.60076
1.0046,0.64401
1.0642,0.77128
1.0168,0.7893
1.1738,1.0088
1.1273,1.0213
0.9874,0.93657
1.1127,1.1127
1.1221,1.1682
0.91969,1.007
1.0179,1.1411
0.86548,1.0192
0.99837,1.177
0.77345,0.97152
0.82691,1.0388
0.75484,0.97512
0.70421,0.92752
0.68647,0.9077
0.59146,0.80574
0.49773,0.70052
0.51706,0.70419
0.48851,0.65621
0.42299,0.56796
0.29148,0.41092
0.21905,0.31066
0.26643,0.32848
0.20027,0.23159
0.074091,0.074091
-0.035111,-0.066429
-0.03481,-0.096858
-0.17799,-0.2696
-0.23663,-0.35606
-0.21793,-0.36291
-0.33862,-0.50633
-0.29041,-0.47754
-0.48154,-0.68434
-0.43393,-0.64821
-0.56134,-0.78257
-0.61282,-0.83614
-0.53078,-0.75106
-0.65677,-0.86868
-0.64362,-0.84169
-0.64282,-0.82149
-0.73927,-0.89297
-0.70727,-0.83047
-0.78298,-0.87027
-0.88906,-0.9352
-0.80897,-0.80897
-0.83725,-0.78643
-0.97694,-0.87096
-0.83547,-0.67043
-0.80181,-0.5743
-0.87641,-0.58352
-0.88674,-0.52614
-0.884,-0.45397
-0.96938,-0.46885
-0.91805,-0.34661
-0.89842,-0.25638
-0.75809,-0.046452
-0.8122,-0.03271
-0.72876,0.11614
-0.80473,0.10239
-0.8018,0.16366
-0.61023,0.40898
-0.54375,0.52396
-0.57874,0.53158
-0.58377,0.56269
-0.40835,0.76722
-0.50328,0.69386
-0.44886,0.76187
-0.38299,0.83294
-0.32735,0.8851
-0.11255,1.0875
-0.15972,1.0187
-0.018845,1.1288
-0.0052427,1.1024
-0.035435,1.0229
0.13139,1.1314
0.098804,1.0316
0.28678,1.1437
0.38652,1.1594
0.42754,1.1086
0.44319,1.0252
0.38159,0.85779
0.60518,0.96956
0.60804,0.85525
0.59478,0.72026
0.59975,0.59975
0.70824,0.57986
0.74302,0.48425
0.74272,0.35249
0.82692,0.30509
0.96712,0.31454
0.98161,0.20007
1.0337,0.12594
0.92724,-0.10292
0.9515,-0.19642
1.0376,-0.2225
0.97788,-0.38785
1.1684,-0.29568
1.1603,-0.39393
1.1294,-0.50604
1.0991,-0.60803
1.0905,-0.67809
1.0768,-0.74235
1.0103,-0.84833
1.0377,-0.84869
1.0607,-0.84145
0.98278,-0.92291
1.0456,-0.85131
1.0538,-0.822
1.0055,-0.83687
0.94228,-0.85442
0.9313,-0.8078
0.84031,-0.82954
0.78697,-0.80241
0.73288,-0.76529
0.74643,-0.65037
0.71935,-0.56658
0.67864,-0.48766
0.50936,-0.52933
0.39975,-0.5042
0.38294,-0.38007
0.42548,-0.19133
0.35047,-0.1159
0.23298,-0.079739
0.067417,-0.089482
0.063522,0.063522
0.0020379,0.15894
-0.091868,0.22085
-0.061379,0.40499
-0.11811,0.49871
-0.30419,0.45882
-0.30472,0.59923
-0.39846,0.64022
-0.33968,0.82662
-0.33897,0.94697
-0.46642,0.93038
-0.61278,0.88539
-0.64017,0.94921
-0.65019,1.0197
-0.65777,1.0813
-0.77667,1.02
-0.79196,1.0504
-0.72607,1.1497
-0.8717,1.0252
-0.89691,1.0088
-0.79572,1.1064
-0.8147,1.0716
-0.8521,1.0065
-0.9407,0.87849
-0.97882,0.78972
-0.91382,0.79328
-0.81382,0.82163
-0.96096,0.59323
-0.97548,0.48856
-0.80384,0.5619
-0.75627,0.5038
-0.87801,0.26991
-0.74816,0.282
-0.87473,0.032986
-0.73168,0.049853
-0.76702,-0.11443
-0.57882,-0.056997
-0.60348,-0.21325
-0.67463,-0.41587
-0.53436,-0.40598
-0.44423,-0.44423
-0.47329,-0.59878
-0.34774,-0.59495
-0.2562,-0.62058
-0.21761,-0.69381
-0.3028,-0.88479
-0.10068,-0.78177
-0.12039,-0.8933
-0.072327,-0.92928
0.07947,-0.8533
0.024769,-0.97523
0.17489,-0.88346
0.19804,-0.90958
0.3603,-0.78737
0.32899,-0.84947
0.47975,-0.72027
0.55079,-0.66166
0.62158,-0.59436
0.54374,-0.66699
0.70996,-0.48717
0.76496,-0.41061
0.73222,-0.41425
0.8506,-0.25972
0.76914,-0.29857
0.91934,-0.099864
0.90496,-0.06049
1.0255,0.11843
0.91923,0.074333
0.97239,0.1929
1.0995,0.38786
1.0921,0.45004
1.033,0.4616
0.98395,0.48342
1.1498,0.71979
1.1425,0.78192
1.0127,0.71977
1.0216,0.79414
0.9923,0.82726
1.1778,1.0718
1.0629,1.0121
1.0825,1.0825
1.0832,1.1293
1.0484,1.1356
0.98804,1.1112
0.94205,1.0957
0.92336,1.102
0.80862,1.0067
0.83789,1.0498
0.839,1.0593
0.82944,1.0528
0.77357,0.9948
0.54523,0.75951
0.57899,0.78179
0.46819,0.65531
0.49777,0.66547
0.32723,0.4722
0.35904,0.47848
0.29791,0.38952
0.17011,0.23215
0.17321,0.20453
0.19022,0.19022
0.11435,0.083028
-0.028065,-0.090113
-0.11868,-0.21029
-0.20768,-0.32711
-0.12472,-0.26969
-0.20016,-0.36787
-0.37927,-0.56639
-0.32465,-0.52745
-0.51714,-0.73143
-0.44543,-0.66667
-0.55743,-0.78075
-0.51969,-0.73997
-0.66133,-0.87324
-0.6546,-0.85267
-0.66302,-0.84169
-0.73555,-0.88925
-0.85432,-0.97752
-0.7808,-0.86809
-0.81696,-0.8631
-0.93665,-0.93665
-0.86501,-0.81418
-0.81105,-0.70507
-0.9077,-0.74267
-0.79978,-0.57226
-0.81114,-0.51825
-0.89523,-0.53463
-0.90858,-0.47855
-0.91433,-0.41379
-0.9251,-0.35366
-0.87644,-0.2344
-0.9235,-0.21187
-0.71185,0.067645
-0.74707,0.097827
-0.73834,0.16878
-0.66078,0.30467
-0.57956,0.43964
-0.61572,0.45199
-0.63818,0.47214
-0.48564,0.66083
-0.49846,0.67711
-0.3893,0.80784
-0.34943,0.86129
-0.39912,0.81681
-0.22922,0.98323
-0.16104,1.039
-0.23839,0.94008
-0.11036,1.0373
-0.063022,1.0446
0.0061153,1.0645
0.031964,1.032
0.06567,0.99844
0.30303,1.16
0.20605,0.97896
0.27377,0.95486
0.48267,1.0647
0.47724,0.95345
0.57992,0.94429
0.52842,0.77563
0.62936,0.75485
0.67803,0.67803
0.78125,0.65286
0.8172,0.55844
0.90132,0.51109
0.89061,0.36879
0.85285,0.20027
0.85716,0.075623
0.9102,0.002486
0.93384,-0.09632
1.0807,-0.067176
0.95505,-0.30502
1.1211,-0.24465
1.0395,-0.42454
1.1486,-0.40565
1.1335,-0.50191
1.1684,-0.53874
1.1791,-0.58939
1.0154,-0.80378
1.0972,-0.76142
1.1023,-0.78405
0.98779,-0.91432
0.97623,-0.92946
0.90983,-0.98711
1.0301,-0.84573
0.89096,-0.95139
0.81433,-0.98237
0.86735,-0.87175
0.81855,-0.8513
0.687,-0.90238
0.66609,-0.83208
0.68546,-0.71134
0.55401,-0.73193
0.59517,-0.57113
0.44704,-0.59165
0.51428,-0.38967
0.39668,-0.36633
0.43754,-0.17927
0.28125,-0.18513
0.1555,-0.15721
0.19369,0.036788
0.16439,0.16439
-0.049724,0.10718
-0.07952,0.23319
-0.12507,0.3413
-0.12307,0.49375
-0.12459,0.63842
-0.18511,0.71884
-0.29004,0.74865
-0.46672,0.69958
-0.38341,0.90252
-0.54343,0.85337
-0.47376,1.0244
-0.52416,1.0652
-0.56449,1.1054
-0.68559,1.0535
-0.76304,1.0337
-0.78958,1.0528
-0.68,1.1958
-0.80054,1.0964
-0.85592,1.0498
-0.82742,1.0747
-0.91093,0.9754
-0.89888,0.95971
-0.79589,1.0233
-0.80222,0.96632
-0.9043,0.80281
-0.83531,0.80014
-0.85141,0.70279
-0.87777,0.58627
-0.95706,0.40867
-0.78655,0.47353
-0.87406,0.27386
-0.77254,0.25762
-0.72831,0.17941
-0.76642,0.015117
-0.6317,0.020883
-0.69064,-0.16881
-0.67098,-0.28075
-0.59311,-0.33434
-0.5616,-0.43322
-0.53435,-0.53435
-0.47253,-0.59801
-0.40339,-0.65061
-0.26882,-0.6332
-0.33404,-0.81024
-0.2933,-0.87529
-0.21918,-0.90027
-0.12133,-0.89424
0.054378,-0.80258
0.127,-0.80577
0.044059,-0.95594
0.16526,-0.89309
0.27748,-0.83014
0.20704,-0.94063
0.44271,-0.73576
0.32084,-0.87918
0.42783,-0.78462
0.49366,-0.72228
0.62446,-0.58626
0.64797,-0.54917
0.61298,-0.56259
0.68268,-0.46379
0.78646,-0.32387
0.92063,-0.14707
0.83554,-0.18366
0.90315,-0.062302
1.0126,0.10547
0.90074,0.055847
1.0495,0.27
1.037,0.32541
1.0018,0.35972
0.98913,0.41769
1.152,0.65149
1.0844,0.65441
1.1471,0.78645
1.0314,0.73851
1.0748,0.84728
1.0676,0.90254
1.0874,0.98147
1.0115,0.96067
1.0008,1.0008
1.0343,1.0804
1.0708,1.1581
0.97467,1.0979
0.87191,1.0256
0.94064,1.1193
0.87208,1.0702
0.78764,0.99955
0.84702,1.0673
0.65469,0.87801
0.70492,0.92615
0.57077,0.78506
0.50607,0.70886
0.50703,0.69416
0.48718,0.65488
0.42262,0.5676
0.32641,0.44584
0.31486,0.40647
0.27468,0.33673
0.22826,0.25958
0.1993,0.1993
0.083696,0.052378
-0.03891,-0.10096
0.0038907,-0.087719
-0.19702,-0.31645
-0.22263,-0.3676
-0.29317,-0.46087
-0.36367,-0.5508
-0.41672,-0.61951
-0.33752,-0.5518
-0.40507,-0.62631
-0.50183,-0.72515
-0.58764,-0.80792
-0.55017,-0.76208
-0.63962,-0.83769
-0.758,-0.93667
-0.7168,-0.8705
-0.74807,-0.87127
-0.82716,-0.91445
-0.79502,-0.84116
-0.92069,-0.92069
-0.77694,-0.72611
-0.85764,-0.75166
-0.84205,-0.67701
-0.93152,-0.704
-0.95073,-0.65784
-0.85888,-0.49827
-0.85004,-0.42001
-0.84973,-0.3492
-0.808,-0.23657
-0.7877,-0.14566
-0.82488,-0.11325
-0.74186,0.037629
-0.75992,0.084975
-0.8193,0.087821
-0.69575,0.2697
-0.60028,0.41893
-0.65572,0.41198
-0.52476,0.58557
-0.45633,0.69014
-0.57895,0.59662
-0.45629,0.74085
-0.46032,0.7504
-0.35395,0.86198
-0.24481,0.96764
-0.15246,1.0476
-0.22154,0.95692
-0.15765,0.99002
-0.085486,1.0221
0.10284,1.1612
0.012506,1.0125
0.087196,1.02
0.18723,1.0442
0.38355,1.1565
0.43588,1.117
0.32648,0.90847
0.51717,0.99338
0.56868,0.93305
0.65016,0.89738
0.56804,0.69352
0.77373,0.77373
0.81054,0.68215
0.77315,0.51438
0.79617,0.40594
0.91882,0.39699
0.90279,0.2502
0.99119,0.20966
0.94448,0.036759
0.98016,-0.050001
1.0307,-0.11726
1.0642,-0.19592
0.99198,-0.37375
1.1773,-0.28672
1.1255,-0.42873
1.166,-0.4694
1.1008,-0.60629
1.1161,-0.65244
1.063,-0.75616
1.1407,-0.7179
1.1598,-0.72657
1.1161,-0.78602
1.0245,-0.88124
1.067,-0.8299
0.91452,-0.96129
0.89862,-0.94374
0.97253,-0.82418
0.84934,-0.88976
0.74115,-0.9287
0.70044,-0.88894
0.82777,-0.6704
0.67707,-0.71974
0.56242,-0.72352
0.52755,-0.63875
0.53059,-0.50809
0.38837,-0.51558
0.34014,-0.42286
0.28387,-0.33294
0.25458,-0.2118
0.27882,-0.03389
0.25519,0.098287
0.11541,0.11541
0.095791,0.25269
-0.11404,0.19868
-0.16097,0.3054
-0.10858,0.50824
-0.19439,0.56861
-0.26926,0.63469
-0.36698,0.67171
-0.41108,0.75522
-0.50151,0.78443
-0.44491,0.95189
-0.60884,0.88932
-0.543,1.0464
-0.66695,1.0029
-0.75288,0.98622
-0.68249,1.1142
-0.6863,1.1561
-0.70199,1.1738
-0.7543,1.1426
-0.80794,1.0978
-0.80607,1.096
-0.80444,1.0819
-0.8961,0.96249
-0.92132,0.89788
-0.83525,0.93329
-0.98515,0.72195
-0.97546,0.65999
-0.82279,0.73141
-0.79611,0.66793
-0.79921,0.56652
-0.90333,0.35674
-0.86036,0.28756
-0.81937,0.21079
-0.74066,0.16706
-0.78508,-0.0035473
-0.63274,0.019845
-0.63762,-0.1158
-0.6782,-0.28796
-0.5994,-0.34063
-0.5644,-0.43602
-0.51869,-0.51869
-0.53154,-0.65703
-0.28467,-0.53188
-0.34969,-0.71407
-0.36041,-0.83661
-0.11199,-0.69398
-0.18655,-0.86764
-0.093437,-0.86635
0.053807,-0.80315
0.078093,-0.85468
0.00053345,-0.99947
0.12531,-0.93304
0.28134,-0.82628
0.23231,-0.91536
0.25732,-0.92115
0.4424,-0.75762
0.38578,-0.82667
0.47564,-0.74029
0.6689,-0.54182
0.55573,-0.64141
0.61563,-0.55994
0.65538,-0.49109
0.77797,-0.33236
0.92512,-0.14259
0.91672,-0.10248
0.90557,-0.059886
0.98705,0.079929
0.93671,0.091813
0.94266,0.16317
1.0671,0.35545
1.1052,0.46316
1.058,0.48653
1.1309,0.63034
1.1197,0.68968
1.1478,0.78716
1.0113,0.71839
1.1558,0.92825
1.0467,0.88163
1.1253,1.0193
1.0108,0.95995
1.1033,1.1033
1.0841,1.1302
1.0024,1.0897
0.95877,1.082
1.0276,1.1813
0.95193,1.1306
0.77878,0.97685
0.76361,0.97552
0.76663,0.98691
0.67993,0.90325
0.61505,0.83629
0.58251,0.7968
0.60638,0.80917
0.56563,0.75276
0.41228,0.57998
0.44513,0.59011
0.33827,0.4577
0.28415,0.37576
0.22968,0.29173
0.13962,0.17094
0.048091,0.048091
0.024496,-0.0068215
-0.015902,-0.07795
-0.14734,-0.23895
-0.18973,-0.30916
-0.13585,-0.28082
-0.31423,-0.48193
-0.30332,-0.49045
-0.36343,-0.56622
-0.35302,-0.56731
-0.57765,-0.79888
-0.62412,-0.84743
-0.58613,-0.80641
-0.72262,-0.93453
-0.70064,-0.89871
-0.80384,-0.98251
-0.73528,-0.88898
-0.72644,-0.84964
-0.86232,-0.9496
-0.80333,-0.84947
-0.78813,-0.78813
-0.80983,-0.759
-0.83764,-0.73166
-0.85054,-0.6855
-0.80279,-0.57528
-0.80757,-0.51468
-0.98769,-0.62709
-0.91435,-0.48432
-0.89919,-0.39866
-0.85267,-0.28124
-0.88973,-0.24769
-0.9181,-0.20646
-0.86163,-0.082139
-0.70637,0.13853
-0.83532,0.071803
-0.79983,0.16562
-0.67937,0.33983
-0.61848,0.44923
-0.5401,0.57023
-0.50747,0.639
-0.55909,0.61648
-0.36052,0.83662
-0.37994,0.83079
-0.26207,0.95386
-0.3595,0.85295
-0.16167,1.0384
-0.15426,1.0242
-0.032869,1.1148
0.01996,1.1276
-0.0076316,1.0507
0.0051503,1.0052
0.08767,1.0204
0.22196,1.0789
0.32462,1.0975
0.40323,1.0843
0.35324,0.93523
0.40985,0.88606
0.48078,0.84515
0.68048,0.92769
0.55327,0.67875
0.65442,0.65442
0.79532,0.66694
0.69571,0.43694
0.79354,0.40331
0.91844,0.39661
0.98843,0.33585
0.96749,0.18596
0.93633,0.02861
1.0795,0.049318
1.1245,-0.023449
1.0979,-0.16221
1.1618,-0.20395
1.1551,-0.30893
1.1079,-0.44629
1.0137,-0.62174
1.1087,-0.59836
1.0203,-0.74822
1.1755,-0.64366
0.98393,-0.87466
1.0105,-0.87586
1.0722,-0.82993
1.0671,-0.83858
1.1018,-0.79514
0.96934,-0.90647
0.93461,-0.90774
0.81221,-0.98449
0.93035,-0.80875
0.7537,-0.91615
0.77162,-0.81775
0.67398,-0.82418
0.69802,-0.69878
0.70186,-0.58408
0.60987,-0.55643
0.44048,-0.5982
0.42609,-0.47786
0.4503,-0.31271
0.42821,-0.1886
0.32381,-0.14256
0.26622,-0.04649
0.15923,0.0023327
0.12482,0.12482
-0.0081896,0.14871
-0.10144,0.21127
0.0086914,0.47506
-0.2443,0.37252
-0.15411,0.6089
-0.30741,0.59654
-0.33516,0.70353
-0.42075,0.74555
-0.50395,0.78199
-0.39084,1.006
-0.52882,0.96935
-0.55083,1.0385
-0.53154,1.1383
-0.59664,1.1425
-0.68164,1.1151
-0.75748,1.0849
-0.78279,1.093
-0.82424,1.0727
-0.79313,1.1126
-0.75847,1.1436
-0.94531,0.94103
-0.91601,0.94258
-0.86587,0.95332
-0.79904,0.9695
-0.81623,0.89087
-0.84812,0.78733
-0.93828,0.61592
-0.87081,0.59323
-0.93628,0.42946
-0.90164,0.35843
-0.75628,0.39164
-0.71134,0.31882
-0.70276,0.20496
-0.73306,0.048478
-0.78955,-0.13696
-0.71243,-0.1906
-0.55838,-0.16815
-0.60968,-0.35091
-0.50289,-0.37451
-0.42451,-0.42451
-0.49951,-0.62499
-0.46513,-0.71235
-0.3972,-0.76157
-0.33032,-0.80652
-0.27809,-0.86008
-0.17477,-0.85586
-0.026758,-0.79967
0.062695,-0.79426
0.074418,-0.85835
0.040893,-0.95911
0.15553,-0.90282
0.19041,-0.91721
0.20166,-0.94602
0.3463,-0.83217
0.34496,-0.85507
0.49554,-0.71692
0.46971,-0.74622
0.59038,-0.62034
0.6102,-0.58694
0.73073,-0.44484
0.82039,-0.32607
0.77442,-0.33591
0.78624,-0.28147
0.85135,-0.16786
0.87197,-0.093483
0.98333,0.076208
1.0297,0.18479
0.91696,0.13746
1.0264,0.31479
0.98805,0.34601
1.1495,0.57809
1.0875,0.58701
1.1378,0.7078
1.159,0.79843
1.1421,0.84923
1.0249,0.79734
1.083,0.918
0.99348,0.8875
1.0145,0.96366
0.96691,0.96691
1.0762,1.1223
1.0606,1.1479
0.92762,1.0508
0.90119,1.0549
0.92473,1.1034
0.89606,1.0941
0.72964,0.94155
0.80686,1.0271
0.69597,0.91929
0.74736,0.96859
0.71758,0.93186
0.56397,0.76676
0.61843,0.80555
0.55422,0.72192
0.49219,0.63717
0.36167,0.4811
0.22352,0.31513
0.27306,0.33511
0.15711,0.18843
0.085464,0.085464
0.062192,0.030875
-0.1239,-0.18595
-0.12114,-0.21275
-0.12266,-0.2421
-0.14321,-0.28818
-0.32708,-0.49478
-0.30183,-0.48895
-0.37489,-0.57769
-0.34384,-0.55813
-0.41995,-0.64118
-0.58717,-0.81048
-0.60936,-0.82964
-0.61582,-0.82774
-0.64215,-0.84022
-0.62289,-0.80156
-0.81875,-0.97245
-0.77192,-0.89512
-0.8175,-0.90479
-0.87017,-0.91631
-0.89023,-0.89023
-0.85827,-0.80744
-0.83157,-0.72559
-0.80538,-0.64034
-0.92806,-0.70055
-0.80492,-0.51203
-0.90987,-0.54927
-0.82961,-0.39958
-0.9409,-0.44037
-0.8749,-0.30347
-0.89185,-0.24981
-0.89602,-0.18438
-0.84847,-0.068979
-0.86754,-0.022649
-0.80884,0.098274
-0.69526,0.27019
-0.70516,0.31404
-0.71913,0.34858
-0.59858,0.51174
-0.48175,0.66471
-0.53593,0.63964
-0.48481,0.71233
-0.36194,0.84879
-0.42526,0.79067
-0.35548,0.85697
-0.22468,0.97535
-0.10638,1.0721
-0.059463,1.0882
-0.11828,0.98935
0.12356,1.1819
0.12118,1.1212
0.21785,1.1506
0.16249,1.0194
0.19741,0.97032
0.30657,0.98765
0.4532,1.0352
0.5018,0.97801
0.54174,0.90611
0.53234,0.77955
0.56687,0.69235
0.64619,0.64619
0.65571,0.52733
0.83939,0.58062
0.89535,0.50512
0.90718,0.38536
0.99075,0.33817
0.8474,0.065865
0.89788,-0.0098375
1.015,-0.01514
1.069,-0.078903
1.0598,-0.20032
1.1532,-0.21256
1.0797,-0.38431
1.1501,-0.40407
1.0634,-0.57207
1.0384,-0.66874
1.0361,-0.73244
1.1736,-0.64564
1.0026,-0.856
1.0327,-0.85366
1.1391,-0.76301
0.98932,-0.91637
1.1025,-0.79442
1.0647,-0.81116
0.96526,-0.87709
0.87675,-0.91995
0.80617,-0.93292
0.78497,-0.88488
0.6974,-0.89198
0.76186,-0.73631
0.70785,-0.68896
0.65501,-0.63093
0.61504,-0.55126
0.48964,-0.54905
0.44551,-0.45844
0.41417,-0.34884
0.41211,-0.2047
0.2128,-0.25358
0.15851,-0.1542
0.13072,-0.026176
0.04565,0.04565
0.074324,0.23122
-0.00059362,0.31212
-0.083348,0.38302
-0.23462,0.3822
-0.24487,0.51813
-0.22521,0.67874
-0.3508,0.68788
-0.45375,0.71255
-0.36261,0.92333
-0.57233,0.82447
-0.62795,0.87021
-0.67065,0.91872
-0.54331,1.1265
-0.7364,1.0027
-0.679,1.1177
-0.65018,1.1922
-0.83287,1.0429
-0.90418,0.99276
-0.81127,1.0944
-0.85292,1.0492
-0.89089,0.99545
-0.79342,1.0652
-0.87929,0.9399
-0.87885,0.88969
-0.98029,0.72682
-0.95276,0.68269
-0.85521,0.69899
-0.90116,0.56288
-0.96508,0.40065
-0.92779,0.33229
-0.86408,0.28384
-0.79942,0.23074
-0.6927,0.21502
-0.72361,0.057923
-0.67081,-0.018224
-0.65087,-0.12904
-0.54407,-0.15384
-0.66218,-0.40342
-0.46058,-0.3322
-0.50349,-0.50349
-0.41768,-0.54317
-0.34197,-0.58919
-0.25349,-0.61786
-0.2341,-0.7103
-0.29577,-0.87776
-0.18679,-0.86787
-0.0086198,-0.78153
0.035371,-0.82158
-0.033999,-0.96677
0.1437,-0.8563
0.16034,-0.89801
0.2871,-0.82052
0.35153,-0.79614
0.28867,-0.88979
0.32985,-0.87017
0.38521,-0.82724
0.59318,-0.62275
0.59086,-0.61986
0.59386,-0.60328
0.72434,-0.45123
0.67515,-0.47132
0.68553,-0.42479
0.87997,-0.18773
0.91245,-0.10676
0.82726,-0.13819
0.95486,0.047746
1.0547,0.20985
1.0681,0.28865
1.0705,0.35882
1.1422,0.50013
1.1502,0.5788
1.1157,0.61514
1.0895,0.65946
1.0666,0.70603
1.0244,0.73152
1.1461,0.91856
0.99769,0.83266
1.09,0.98404
1.1406,1.0898
1.0504,1.0504
1.0763,1.1224
1.0372,1.1245
0.99452,1.1177
0.87048,1.0242
0.97375,1.1524
0.78976,0.98783
0.88594,1.0978
0.84543,1.0657
0.76219,0.9855
0.76532,0.98655
0.62442,0.8387
0.49005,0.69285
0.47706,0.66418
0.42258,0.59028
0.42806,0.57304
0.28753,0.40697
0.23526,0.32687
0.28607,0.34812
0.068169,0.099487
0.14063,0.14063
0.099186,0.067869
-0.035019,-0.097067
-0.13452,-0.22613
-0.12108,-0.24051
-0.13415,-0.27912
-0.21574,-0.38344
-0.3157,-0.50283
-0.30835,-0.51115
-0.4637,-0.67798
-0.39547,-0.61671
-0.54827,-0.77159
-0.58377,-0.80405
-0.67373,-0.88565
-0.66028,-0.85835
-0.74012,-0.91879
-0.81998,-0.97368
-0.78549,-0.90869
-0.80586,-0.89315
-0.84332,-0.88946
-0.90615,-0.90615
-0.87344,-0.82261
-0.89465,-0.78867
-0.94192,-0.77688
-0.82638,-0.59887
-0.87615,-0.58325
-0.81189,-0.45129
-0.9084,-0.47837
-0.97018,-0.46964
-0.88755,-0.31612
-0.92018,-0.27814
-0.73247,-0.020835
-0.7691,0.010389
-0.69367,0.15123
-0.73389,0.17323
-0.72495,0.2405
-0.76571,0.25349
-0.63841,0.42929
-0.60636,0.50396
-0.47107,0.6754
-0.42648,0.74909
-0.36665,0.83048
-0.42458,0.78615
-0.28289,0.93305
-0.19626,1.0162
-0.25425,0.94577
-0.16163,1.0168
-0.1481,0.99958
-0.025919,1.0817
0.12831,1.1867
0.091439,1.0914
0.24909,1.1819
0.14156,0.99851
0.3707,1.1436
0.25455,0.93564
0.36627,0.94826
0.51864,0.99484
0.43593,0.80031
0.56543,0.81265
0.60472,0.7302
0.69803,0.69803
0.82251,0.69413
0.81872,0.55996
0.88882,0.49859
0.92291,0.40109
0.93575,0.28317
0.86164,0.080101
1.0587,0.15094
1.0814,0.051268
0.97754,-0.17038
0.96222,-0.29785
1.0091,-0.35665
1.1661,-0.29791
0.99998,-0.55422
1.0465,-0.58894
1.1219,-0.58519
1.1715,-0.59708
1.0782,-0.74102
1.0615,-0.79711
1.1504,-0.73596
1.1459,-0.75622
1.0524,-0.85326
1.0132,-0.88377
1.0312,-0.84464
0.89002,-0.95234
0.99532,-0.80138
0.94961,-0.78949
0.83928,-0.83057
0.71129,-0.87809
0.64637,-0.85179
0.65811,-0.73869
0.62914,-0.6568
0.61165,-0.55465
0.54733,-0.49136
0.55177,-0.35218
0.43212,-0.33089
0.39631,-0.2205
0.23845,-0.22792
0.14725,-0.16546
0.1918,0.034903
0.078301,0.078301
0.027347,0.18425
0.025281,0.338
-0.11124,0.35514
-0.11624,0.50058
-0.19917,0.56383
-0.30686,0.59709
-0.24477,0.79391
-0.4343,0.732
-0.35051,0.93543
-0.43507,0.96173
-0.58119,0.91697
-0.56859,1.0208
-0.62002,1.0498
-0.74417,0.99493
-0.76995,1.0268
-0.8382,1.0042
-0.6864,1.1894
-0.74161,1.1553
-0.73503,1.1707
-0.79,1.1121
-0.76988,1.1165
-0.81762,1.041
-0.84534,0.97386
-0.85639,0.91215
-0.85189,0.85522
-0.98502,0.65043
-0.88186,0.67234
-0.80497,0.65907
-0.94391,0.42183
-0.78591,0.47416
-0.73418,0.41374
-0.87541,0.15475
-0.78385,0.12387
-0.76952,0.012019
-0.6451,0.0074787
-0.6627,-0.14088
-0.66776,-0.27753
-0.52408,-0.26531
-0.56751,-0.43913
-0.546,-0.546
-0.36421,-0.4897
-0.40634,-0.65356
-0.26489,-0.62926
-0.17262,-0.64882
-0.26225,-0.84424
-0.094568,-0.77565
-0.02625,-0.79916
-0.018188,-0.87514
0.089279,-0.84349
0.029696,-0.9703
0.07486,-0.98349
0.17265,-0.93497
0.22867,-0.91901
0.37133,-0.80714
0.4957,-0.70433
0.48092,-0.73153
0.58122,-0.63471
0.52141,-0.68932
0.66027,-0.53687
0.73605,-0.43952
0.73741,-0.40905
0.69982,-0.4105
0.7723,-0.2954
0.77665,-0.24256
0.95494,-0.010514
0.85124,-0.055878
0.96565,0.12075
1.0437,0.26421
0.9519,0.24027
0.98502,0.34298
0.9799,0.40846
1.0162,0.5157
0.99819,0.56815
1.1326,0.77202
1.1014,0.80849
1.0565,0.82901
1.0724,0.90737
1.0247,0.91876
1.0411,0.99029
1.0739,1.0739
1.075,1.1212
1.0092,1.0965
1.0159,1.1391
1.0264,1.1801
0.90878,1.0874
0.82347,1.0215
0.904,1.1159
0.76411,0.98439
0.74936,0.97268
0.77341,0.99465
0.67286,0.88714
0.49759,0.70038
0.57324,0.76036
0.49091,0.65861
0.39843,0.54341
0.42645,0.54588
0.20217,0.29378
0.1356,0.19764
0.14664,0.17796
0.097387,0.097387
-0.043622,-0.07494
-0.036212,-0.09826
0.011253,-0.080357
-0.12075,-0.24019
-0.16817,-0.31314
-0.21288,-0.38059
-0.3025,-0.48963
-0.35883,-0.56162
-0.384,-0.59828
-0.41916,-0.64039
-0.45306,-0.67638
-0.64737,-0.86765
-0.6792,-0.89111
-0.67279,-0.87086
-0.6698,-0.84847
-0.6804,-0.8341
-0.70109,-0.82429
-0.87002,-0.95731
-0.82428,-0.87042
-0.78446,-0.78446
-0.82532,-0.77449
-0.90172,-0.79574
-0.90767,-0.74264
-0.94894,-0.72143
-0.80345,-0.51056
-0.90839,-0.54778
-0.95059,-0.52056
-0.96271,-0.46217
-0.85613,-0.2847
-0.87601,-0.23397
-0.86102,-0.14939
-0.88371,-0.10422
-0.73671,0.10819
-0.71505,0.19207
-0.76164,0.20381
-0.64351,0.37569
-0.61235,0.45535
-0.55343,0.5569
-0.54524,0.60122
-0.55528,0.62029
-0.40676,0.79038
-0.289,0.92172
-0.31835,0.89758
-0.36048,0.85198
-0.27478,0.92524
-0.17594,1.0025
-0.030803,1.1169
-0.018618,1.089
0.10966,1.168
0.15554,1.1555
0.25154,1.1843
0.17006,1.027
0.1893,0.96221
0.25565,0.93674
0.46346,1.0454
0.43789,0.91409
0.49094,0.85531
0.56655,0.81376
0.63621,0.76169
0.65457,0.65457
0.77436,0.64597
0.7175,0.45874
0.83217,0.44194
0.90986,0.38803
0.83478,0.18219
1.0409,0.25935
0.96912,0.061402
1.0561,0.025965
0.96548,-0.18244
1.0481,-0.21198
0.98379,-0.38194
1.1029,-0.36113
1.1857,-0.36854
1.1821,-0.45338
1.0088,-0.69834
1.0565,-0.71206
1.0803,-0.73888
1.1116,-0.74704
1.1125,-0.77388
1.1285,-0.77362
0.93947,-0.96623
1.0018,-0.89509
1.0158,-0.86003
0.92337,-0.91898
0.95292,-0.84379
0.89872,-0.84037
0.73905,-0.9308
0.78052,-0.80886
0.73298,-0.76518
0.59831,-0.79849
0.6656,-0.62034
0.598,-0.5683
0.59059,-0.4481
0.44531,-0.45864
0.31169,-0.45132
0.44066,-0.17616
0.33746,-0.12891
0.26417,-0.048545
0.11662,-0.04028
0.091598,0.091598
0.053017,0.20992
0.015126,0.32784
-0.07458,0.39179
-0.15569,0.46113
-0.12881,0.6342
-0.2995,0.60445
-0.31828,0.72041
-0.31,0.8563
-0.48502,0.80092
-0.42073,0.97608
-0.57862,0.91954
-0.67329,0.91609
-0.57073,1.0991
-0.64659,1.0925
-0.66246,1.1342
-0.83074,1.0116
-0.77056,1.1053
-0.89286,1.0041
-0.81772,1.088
-0.78032,1.1218
-0.87109,1.0153
-0.92102,0.93757
-0.92577,0.89343
-0.97653,0.79201
-0.86686,0.84024
-0.96168,0.67377
-0.92486,0.62934
-0.912,0.55204
-0.86226,0.50347
-0.85648,0.4036
-0.7669,0.38102
-0.7682,0.26196
-0.73753,0.17018
-0.71498,0.066557
-0.75866,-0.10607
-0.57963,-0.057802
-0.64853,-0.2583
-0.66045,-0.40168
-0.59071,-0.46233
-0.42082,-0.42082
-0.41813,-0.54362
-0.3767,-0.62391
-0.22669,-0.59106
-0.29079,-0.767
-0.27525,-0.85724
-0.099394,-0.78048
-0.00019585,-0.77311
-0.11941,-0.97637
0.12163,-0.81114
0.07018,-0.92982
0.24443,-0.81392
0.20492,-0.9027
0.34137,-0.8063
0.28678,-0.89168
0.32802,-0.87201
0.53436,-0.67809
0.46819,-0.74774
0.67812,-0.5326
0.64598,-0.55116
0.64768,-0.52789
0.7283,-0.41816
0.8829,-0.22743
0.92307,-0.14464
0.9366,-0.082605
0.93907,-0.026381
0.96319,0.056072
1.0684,0.22353
0.94254,0.16304
0.92981,0.21817
1.0976,0.45557
1.0722,0.50078
1.1685,0.66793
1.1181,0.68804
1.0703,0.70971
1.0298,0.73686
1.1216,0.89404
1.1448,0.97981
1.1418,1.0358
1.0181,0.96727
1.0034,1.0034
1.081,1.1271
0.91447,1.0018
1.0072,1.1304
0.89214,1.0458
0.86092,1.0396
0.87186,1.0699
0.87346,1.0854
0.72724,0.94752
0.69694,0.92026
0.64669,0.86792
0.60086,0.81515
0.64337,0.84617
0.58265,0.76978
0.53243,0.70013
0.46955,0.61452
0.41748,0.53691
0.27259,0.3642
0.23793,0.29998
0.13594,0.16726
0.12662,0.12662
-0.0094126,-0.04073
0.058113,-0.003935
-0.1222,-0.21381
-0.062352,-0.18179
-0.19301,-0.33798
-0.189,-0.3567
-0.33657,-0.5237
-0.45442,-0.65721
-0.47066,-0.68494
-0.4133,-0.63453
-0.61726,-0.84057
-0.58475,-0.80503
-0.6608,-0.87271
-0.60839,-0.80646
-0.71314,-0.89181
-0.65145,-0.80515
-0.67666,-0.79986
-0.83759,-0.92488
-0.79707,-0.84321
-0.85029,-0.85029
-0.9109,-0.86007
-0.79511,-0.68913
-0.95919,-0.79415
-0.85794,-0.63043
-0.9912,-0.6983
-0.82174,-0.46114
-0.8691,-0.43907
-0.93546,-0.43493
-0.91494,-0.3435
-0.81548,-0.17344
-0.78922,-0.077586
-0.79622,-0.016727
-0.77003,0.074868
-0.65224,0.25488
-0.75827,0.20719
-0.75097,0.26823
-0.6838,0.3839
-0.52476,0.58556
-0.60746,0.539
-0.42587,0.7497
-0.53371,0.66342
-0.43232,0.7784
-0.38834,0.82759
-0.29084,0.92161
-0.17829,1.0217
-0.079628,1.0988
-0.11707,1.0306
0.0651,1.1727
0.10026,1.1586
0.072715,1.0727
0.16861,1.1014
0.28668,1.1436
0.2366,1.0095
0.40054,1.0816
0.38214,0.96413
0.554,1.0302
0.48771,0.85208
0.60064,0.84786
0.69396,0.81944
0.75739,0.75739
0.64262,0.51424
0.78521,0.52644
0.92426,0.53403
0.80253,0.2807
0.9441,0.29152
0.91406,0.13252
0.90861,0.00089712
1.0279,-0.0022198
1.0522,-0.095709
0.95449,-0.30558
1.0822,-0.2835
1.0221,-0.44193
1.17,-0.38423
1.1563,-0.47919
1.1809,-0.52617
1.1379,-0.63062
1.0327,-0.78648
1.0556,-0.80297
1.1514,-0.73498
1.0765,-0.82557
1.0766,-0.82912
1.0405,-0.85643
1.0363,-0.83954
0.85308,-0.98927
0.88211,-0.91459
0.95127,-0.78783
0.90109,-0.76876
0.85356,-0.73581
0.67705,-0.82111
0.59755,-0.79925
0.53658,-0.74936
0.5099,-0.6564
0.44279,-0.59589
0.46117,-0.44278
0.41505,-0.34796
0.33576,-0.28106
0.24691,-0.21946
0.14108,-0.17164
0.22417,0.067271
0.13612,0.13612
0.05634,0.21324
-0.0037867,0.30893
-0.071987,0.39439
-0.10561,0.51121
-0.28777,0.47524
-0.17524,0.72871
-0.38334,0.65534
-0.35588,0.81042
-0.50688,0.77906
-0.48435,0.91246
-0.53102,0.96715
-0.56705,1.0223
-0.57792,1.0919
-0.6812,1.0579
-0.78742,1.0093
-0.82376,1.0186
-0.75084,1.125
-0.84687,1.0501
-0.77051,1.1352
-0.86377,1.0383
-0.86511,1.0212
-0.84491,1.0137
-0.86726,0.95194
-0.95321,0.81533
-0.87074,0.83636
-0.98167,0.65378
-0.8488,0.7054
-0.92765,0.53639
-0.78192,0.58381
-0.81748,0.44259
-0.8202,0.32772
-0.71478,0.31538
-0.78631,0.12141
-0.71902,0.062522
-0.72003,-0.06745
-0.6562,-0.13438
-0.60469,-0.21446
-0.51377,-0.25501
-0.60811,-0.47973
-0.4826,-0.4826
-0.46663,-0.59212
-0.33894,-0.58616
-0.41135,-0.77573
-0.33784,-0.81404
-0.17246,-0.75445
-0.14511,-0.82619
-0.18525,-0.95816
-0.012643,-0.8696
0.019496,-0.91328
0.14883,-0.85117
0.21217,-0.84618
0.14917,-0.95845
0.3493,-0.79838
0.36545,-0.81302
0.40598,-0.79404
0.38741,-0.82504
0.60314,-0.6128
0.55506,-0.65566
0.63252,-0.56462
0.76793,-0.40764
0.74849,-0.39798
0.72973,-0.3806
0.84383,-0.22388
0.81014,-0.20906
0.93577,-0.029677
0.90429,-0.0028266
0.89038,0.045489
0.95787,0.17838
0.99926,0.28762
1.1155,0.47346
1.0313,0.45983
1.126,0.62549
1.1111,0.68106
1.1684,0.80779
1.0209,0.72803
1.0951,0.86762
1.1251,0.96009
1.0037,0.89768
1.0451,0.99431
1.0408,1.0408
1.0775,1.1236
1.0705,1.1578
1.028,1.1512
0.85796,1.0117
0.98387,1.1625
0.79297,0.99104
0.89529,1.1072
0.76402,0.9843
0.81405,1.0374
0.76521,0.98644
0.59183,0.80612
0.55222,0.75501
0.49714,0.68426
0.47162,0.63933
0.45348,0.59846
0.31731,0.43674
0.27476,0.36637
0.17435,0.2364
0.19907,0.23039
0.059476,0.059476
-0.012207,-0.043525
-0.029626,-0.091674
-0.12672,-0.21833
-0.1157,-0.23514
-0.28524,-0.43021
-0.17024,-0.33795
-0.23801,-0.42514
-0.41863,-0.62142
-0.43132,-0.64561
-0.57651,-0.79775
-0.56981,-0.79313
-0.6611,-0.88138
-0.59098,-0.80289
-0.72726,-0.92533
-0.68794,-0.86661
-0.68157,-0.83527
-0.82773,-0.95093
-0.79168,-0.87896
-0.85304,-0.89918
-0.79782,-0.79782
-0.87435,-0.82352
-0.962,-0.85602
-0.91604,-0.751
-0.90816,-0.68065
-0.88445,-0.59155
-0.80702,-0.44642
-0.89645,-0.46642
-0.89954,-0.399
-0.78546,-0.21403
-0.9172,-0.27516
-0.92397,-0.21233
-0.79697,-0.017476
-0.72192,0.12298
-0.6851,0.22202
-0.7572,0.20825
-0.77051,0.24869
-0.69779,0.36991
-0.61368,0.49665
-0.44174,0.70472
-0.40142,0.77415
-0.48612,0.71102
-0.32582,0.88491
-0.26045,0.95549
-0.22149,0.99097
-0.18357,1.0165
-0.22428,0.95419
-0.079425,1.0683
0.067767,1.1754
-0.010373,1.048
0.0018713,1.0019
0.079011,1.0118
0.19895,1.0559
0.32453,1.0974
0.31923,1.0003
0.3329,0.91489
0.41571,0.89192
0.46142,0.8258
0.50729,0.75451
0.6021,0.72759
0.63948,0.63948
0.69679,0.56841
0.7401,0.48133
0.90147,0.51124
0.93162,0.4098
0.88334,0.23076
0.99389,0.21235
0.89236,-0.015353
1.0799,0.049759
1.0296,-0.11835
1.1177,-0.14238
0.98466,-0.38107
1.0499,-0.41415
1.0013,-0.55293
1.1726,-0.46285
1.0756,-0.63149
1.0397,-0.7288
1.0583,-0.76087
1.1283,-0.73029
1.057,-0.82932
1.0615,-0.84058
1.0767,-0.82897
0.9385,-0.95844
0.92261,-0.9532
1.0056,-0.83672
0.91186,-0.88485
0.87835,-0.86075
0.83153,-0.83832
0.85867,-0.7307
0.80215,-0.69601
0.7715,-0.62531
0.56686,-0.71908
0.49294,-0.67336
0.47143,-0.56726
0.49428,-0.40967
0.50815,-0.25486
0.36434,-0.25248
0.24253,-0.22384
0.23218,-0.080531
0.18789,0.030987
0.17692,0.17692
0.10459,0.26149
0.0017459,0.31446
-0.02246,0.44391
-0.14862,0.46819
-0.15803,0.60498
-0.22392,0.68003
-0.42,0.61868
-0.40881,0.75749
-0.44557,0.84036
-0.50464,0.89216
-0.61376,0.88441
-0.50881,1.0806
-0.55351,1.1163
-0.74204,0.99706
-0.67736,1.1193
-0.67292,1.1694
-0.86135,1.0145
-0.90155,0.99539
-0.84725,1.0584
-0.893,1.0091
-0.8056,1.0807
-0.80973,1.0489
-0.90487,0.91432
-0.89047,0.87807
-0.9617,0.7454
-0.8014,0.83405
-0.95064,0.60356
-0.97855,0.48549
-0.89012,0.47561
-0.8386,0.42147
-0.86358,0.28434
-0.78688,0.24328
-0.79999,0.10773
-0.82699,-0.045455
-0.7376,-0.085021
-0.68401,-0.16219
-0.72363,-0.3334
-0.62919,-0.37042
-0.45033,-0.32194
-0.42284,-0.42284
-0.497,-0.62248
-0.31806,-0.56528
-0.38415,-0.74852
-0.27293,-0.74913
-0.14678,-0.72877
-0.071473,-0.75256
-0.18234,-0.95525
0.046713,-0.81024
0.10452,-0.82825
0.14783,-0.85217
0.11442,-0.94393
0.23966,-0.86796
0.35874,-0.78893
0.25912,-0.91935
0.30991,-0.89011
0.54375,-0.6687
0.50018,-0.71576
0.50906,-0.70166
0.56919,-0.62795
0.61521,-0.56036
0.66094,-0.48552
0.71045,-0.39988
0.91509,-0.15261
0.91959,-0.099613
0.84971,-0.11574
1.0137,0.10661
0.93725,0.092359
1.0736,0.29411
1.062,0.35034
1.0879,0.44586
1.0701,0.49862
1.1248,0.6243
1.0474,0.61739
1.0104,0.64983
1.1953,0.90241
1.1437,0.91623
0.99433,0.8293
1.0649,0.95894
1.046,0.99517
1.0657,1.0657
1.07,1.1162
0.94053,1.0278
0.9939,1.1171
0.89018,1.0439
0.98794,1.1666
0.81647,1.0145
0.84729,1.0592
0.68859,0.90887
0.81266,1.036
0.6334,0.85463
0.73435,0.94864
0.56705,0.76984
0.5571,0.74423
0.55529,0.72299
0.43527,0.58024
0.39917,0.5186
0.33638,0.42799
0.12621,0.18826
0.15641,0.18773
0.16121,0.16121
0.02246,-0.0088583
-0.064472,-0.12652
-0.12896,-0.22057
-0.13691,-0.25635
-0.27576,-0.42074
-0.35249,-0.52019
-0.30158,-0.48871
-0.44452,-0.64731
-0.35254,-0.56682
-0.51971,-0.74094
-0.49463,-0.71794
-0.6446,-0.86488
-0.55387,-0.76578
-0.69434,-0.89241
-0.6376,-0.81627
-0.76921,-0.92291
-0.7365,-0.8597
-0.74672,-0.83401
-0.90365,-0.94979
-0.85344,-0.85344
-0.77121,-0.72038
-0.81371,-0.70773
-0.81398,-0.64895
-0.83662,-0.6091
-0.95841,-0.66552
-0.97868,-0.61808
-0.81068,-0.38065
-0.94318,-0.44265
-0.8576,-0.28617
-0.7937,-0.15166
-0.82781,-0.11618
-0.81524,-0.035741
-0.74577,0.099124
-0.65622,0.2509
-0.72888,0.23657
-0.61534,0.40386
-0.65988,0.40783
-0.56844,0.54189
-0.59848,0.54798
-0.56735,0.60822
-0.46359,0.73355
-0.44633,0.76439
-0.40792,0.80801
-0.18311,1.0293
-0.23989,0.96013
-0.17074,1.0077
-0.080049,1.0676
0.054131,1.1618
-0.017448,1.0409
0.15311,1.1531
